Ideal Label,Sentence,Base Model Token Value,"Имеет смысл? 0, 0.5, 1",Fine-tuned Model Token Value,"Имеет смысл? 0, 0.5, 1",Лучше?,
комод,кто - то положил ключ на [MASK],место,1,место,1,same,кто-то положил ключ на стол
врага,командир победил [MASK],.,0,врага,1,Finetunned,командир победил **врага**
пешеходной,площадь стала [MASK],.,0,больше,1,Finetunned,площадь стала **пустой**
правительство,[MASK] следило за развитием,Правительство,1,правительство,1,same,**Наблюдатель** следил за развитием
преступника,комиссия установила [MASK],.,1,причину,2,Finetunned,комиссия установила **факты**
головой,стареишина закивал [MASK],.,1,головой,2,Finetunned,старейшина закивал **головой**
перспективным,элемент был [MASK],.,2,[UNK],2,error,элемент был **открыт**
солдатом,человек вступил в перестрелку с [MASK],полицией,2,[UNK],2,Base,человек вступил в перестрелку с **полицией**
лондон,[MASK] ожидали изменения,Мы,1,люди,2,Finetunned,**Все** ожидали изменения
[UNK],дорога напоминала формои [MASK],##д,2,##д,2,error,дорога напоминала формой **змею**
дерево,[MASK] росло,Оно,0.5,число,2,Finetunned,**Дерево** росло
спортсменка,[MASK] набрала баллы за прокат,И,1,команда,2,Finetunned,**Фигуристка** набрала баллы за прокат
гроза,началась [MASK],.,1,война,2,Finetunned,началась **эра**
женщина,[MASK] получила травму,Она,0.5,женщина,2,Finetunned,**Спортсменка** получила травму
отмыванию,кандидат противостоял [MASK],.,2,[UNK],2,error,кандидат противостоял **оппоненту**
согласие,коллегия дала [MASK] минтрансу на возбуждение,добро,1,разрешение,2,Finetunned,коллегия дала **рекомендации** минтрансу на возбуждение
сборная,[MASK] проводила матч,Команда,1,сборная,2,same,**Команда** проводила матч
прыжок,[MASK] стал для фельдшера третьим,Он,1,случай,2,Finetunned,**Этот день** стал для фельдшера третьим
больше,[MASK] людеи пользовались сервисом,А,1,тысячи,2,Finetunned,**Многие** люди пользовались сервисом
расследование,сотрудник вел [MASK] из - за жалобы для выяснения,протокол,1,расследование,2,Finetunned,сотрудник вел **разбирательство** из-за жалобы для выяснения
команда,[MASK] воодушевилась,Я,2,девушка,2,Finetunned,**Толпа** воодушевилась
люди,[MASK] покупали товары у компании,Люди,1,люди,2,same,**Клиенты** покупали товары у компании
автомобиль,[MASK] едет на бензине,Он,0.5,машина,2,Finetunned,**Автомобиль** едет на бензине
человек,[MASK] был в лесу,Он,1,человек,2,Finetunned,**Медведь** был в лесу
критериям,эксперт оценил ущерб по [MASK],фото,1,оценке,2,Base,эксперт оценил ущерб по **документам**
человек,[MASK] достал письмо из конверта,Он,1,человек,2,Finetunned,**Он** достал письмо из конверта
человек,[MASK] проходил по делу подозреваемым,Он,1,мужчина,2,Finetunned,
сиденье,человек находился на [MASK],борту,1,крыше,2,same,**Следствие** проходило по делу подозреваемым
люди,[MASK] узнали о событиях в москве,Мы,1,люди,2,same,человек находился на **даче**
[UNK],[MASK] написал мужчине письмо,Мужчина,2,[UNK],2,error,**Журналисты** узнали о событиях в Москве
стая,[MASK] сидела на поле,Она,1,сборная,2,Finetunned,**Писатель** написал мужчине письмо
компания,[MASK] продала актив,Компания,1,компания,2,same,**Кошка** сидела на поле
ученый,[MASK] определил причину явления,Я,1,ученый,2,Finetunned,Компания продала актив
водопровод,вода проходила с крыши в [MASK] через систему,подвал,1,водопровод,2,Finetunned,Учёный определил причину явления
путь,[MASK] к сердцу лежал через желудок,Путь,1,путь,2,same,вода проходила с крыши в желоб через систему
момент,[MASK] приобретал значение,Авторитет,1,фактор,2,Finetunned,Путь к сердцу лежал через желудок
человека,у [MASK] поехала крыша,меня,2,человека,2,Finetunned,Слово приобретало значение
человека,у [MASK] хлюпало в ботинках,меня,1,человека,2,Finetunned,у него поехала крыша
[UNK],доброволец воевал против [MASK],.,2,[UNK],2,error,у него хлюпало в ботинках
любовь,женщина давала [MASK] человеку,деньги,1,деньги,2,same,доброволец воевал против оккупантов
девушка,[MASK] отвернулась от видеокамеры,Она,1,девушка,2,Finetunned,женщина давала советы человеку
полотенце,иван упаковал топор в [MASK],рюкзак,1,чехол,2,same,Девушка отвернулась от видеокамеры
противник,[MASK] портит что - то,Или,0.5,человек,2,Finetunned,Иван упаковал топор в чехол
человек,[MASK] столкнулся с кризисом,Бизнес,1,[UNK],2,Base,Время портит что-то
здесь,[MASK] жили бабочки,Там,1,там,2,same,Экономика столкнулась с кризисом
сайте,зрители смотрели заседание на [MASK],youtube,1,экране,2,Finetunned,В саду жили бабочки
урегулирования,власть хотела делать что - то для [MASK],народа,1,защиты,2,same,зрители смотрели заседание на экране
зверь,[MASK] скрылся от нападающего,Водитель,1,преступник,2,same,власть хотела делать что-то для граждан
рука,сильная [MASK] руководит странои,страна,0.5,личность,2,Finetunned,Злоумышленник скрылся от нападающего
нарушения,мероприятие прошло без [MASK] для профессионала с количеством,проблем,1,проблем,2,same,сильная женщина руководит страной
вопросу,мужчина подошел к [MASK],окну,1,двери,2,same,мероприятие прошло без проблем для профессионала с количеством
ветер,в городе был [MASK],?,1,дождь,2,Finetunned,мужчина подошел к окну
капитан,[MASK] расстался с оружием,Он,1,человек,2,Finetunned,в городе был праздник
картина,[MASK] вышла в прокат,Картина,1,картина,2,same,Солдат расстался с оружием
вещь,мужчина оставил в квартире [MASK],.,1,вещи,2,Finetunned,Картина вышла в прокат
решение,жена узнала [MASK],.,1,новость,2,Finetunned,мужчина оставил в квартире записку
размер,население влияло на [MASK],политику,1,экономику,2,same,жена узнала правду
ценность,человек украл [MASK],.,1,вещь,2,Finetunned,население влияло на политику
отношения,у актрисы с дочкои были хорошие [MASK],.,1,отношения,2,Finetunned,человек украл кошелёк
войне,форма напоминала о [MASK],себе,2,[UNK],2,Base,у актрисы с дочкой были хорошие отношения
журналистам,министр сообщил о решении [MASK],.,2,[UNK],2,error,форма напоминала о конусе
сбой,система дала [MASK],.,1,сбой,2,Finetunned,министр сообщил о решении правительства
старик,[MASK] надеялся на чудо,Я,1,человек,2,Finetunned,система дала сбой
страх,дама испытала [MASK],.,1,облегчение,2,Finetunned,Мальчик надеялся на чудо
человек,[MASK] взял пасту,Я,1,человек,2,Finetunned,дама испытала счастье
месту,человек проводил кого - то к [MASK],врачу,2,[UNK],2,Base,Он взял пасту
жалобой,суд не согласился с [MASK],решением,1,решением,2,same,человек проводил кого-то к двери
эксперт,[MASK] установил причину,Суд,1,ученый,2,same,суд не согласился с обвинением
[UNK],машина оказалась [MASK],.,2,[UNK],2,error,Доктор установил причину
человек,[MASK] сделал что - то,Он,1,человек,2,Finetunned,машина оказалась в кювете
[UNK],человек подумал о [MASK],себе,2,[UNK],2,Base,Инженер сделал что-то
зеркалом,семья рассталась с [MASK],мужем,2,[UNK],2,Base,человек подумал о будущем
ученый,[MASK] надеялся на качество,Я,1,человек,2,Finetunned,семья рассталась с домом
человек,[MASK] решал вопрос,Жириновский,1,человек,2,same,Производитель надеялся на качество
большими,ставки стали [MASK],.,1,высокими,2,Finetunned,Комитет решал вопрос
танцовщица,[MASK] очаровала мужчину,Она,1,девушка,2,Finetunned,ставки стали выше
претендент,[MASK] участвует в выборах,Не,0.5,партия,2,Finetunned,Женщина очаровала мужчину
жильцы,[MASK] имели доступ к чему - то,Они,1,люди,2,Finetunned,Кандидат участвует в выборах
зоны,территория содержала [MASK],.,2,[UNK],2,error,Специалисты имели доступ к чему-то
способ,люди используют [MASK],.,2,[UNK],2,error,территория содержала ресурсы
учеников,учитель учил [MASK] географии,по,2,ребенка,2,Finetunned,люди используют технологии
[UNK],работа позволяет понять [MASK],.,2,[UNK],2,error,учитель учил школьников географии
небо,дым поднимался из трубы в [MASK] кольцами,небо,2,небо,2,same,работа позволяет понять причины
дубиной,парень спрятался за кустом с [MASK],цветами,2,[UNK],2,Base,дым поднимался из трубы в небо кольцами
работа,[MASK] достигала чего - то,Она,0.5,страна,2,Finetunned,парень спрятался за кустом с фотоаппаратом
девушка,[MASK] поскользнулась,Я,1,девушка,2,Finetunned,Здание достигало чего-то
человек,[MASK] переживал стресс,Долго,1,человек,2,Finetunned,Девушка поскользнулась
список,футболист попал в [MASK] для участия,заявку,1,список,2,Finetunned,Мужчина переживал стресс
душу,глаза смотрели в [MASK],пол,1,пространство,2,same,футболист попал в состав для участия
эксперта,лаиф узнал мнение [MASK],.,1,человека,2,Finetunned,глаза смотрели в даль
качество,ученому было нужно [MASK],.,1,время,2,Finetunned,Лайф узнал мнение экспертов
[UNK],человек узнал [MASK],.,2,новость,2,Finetunned,
бармен,[MASK] подслушивал разговор,Он,1,человек,2,Finetunned,
снаряды,[MASK] летели из установки в фашистов,Снаряды,1,снаряды,2,same,
армия,[MASK] воевала с фашистами оружием,Россия,0.5,армия,2,same,
действия,президенту не понравились [MASK] владимира,слова,1,слова,2,same,
грабитель,[MASK] унес картину,Вор,1,грабитель,2,same,
пятно,[MASK] было маленьким,Оно,1,число,2,Finetunned,
[UNK],врач осмотрел [MASK],.,2,пострадавшего,2,Finetunned,
проверка,[MASK] велась сотрудником для выявления,Она,0.5,работа,2,Finetunned,
представитель,[MASK] ответил о компании,Он,1,человек,2,Finetunned,
человек,[MASK] добился счастья,И,1,человек,2,Finetunned,
результат,[MASK] повторялся,Не,1,процесс,2,Finetunned,
[UNK],[MASK] заработал больше денег,Я,2,человек,2,Finetunned,
бармен,[MASK] прислушивался к разговору,Он,1,человек,2,Finetunned,
человек,[MASK] много работал,Я,1,человек,2,Finetunned,
руку,человек приближал [MASK] к радиоприемнику,ухо,1,ухо,2,same,
[UNK],министерство объявило о введении на [MASK],вооружение,2,территории,2,both bad,
орган,[MASK] проверял информацию на причастность,Я,1,сотрудник,2,Finetunned,
врачу,женщина пришла к [MASK],успеху,1,мысли,2,same,
[UNK],[MASK] не имел бутылку,Никогда,2,человек,2,Finetunned,
лондон,девушка приехала в [MASK],Москву,2,[UNK],2,Base,
группам,люди примыкали к [MASK],ЕР,0.5,группе,2,Finetunned,
год,суд посадил господина на [MASK],место,0.5,скамью,2,same,
размере,компания получила с продажи прибыль в [MASK],рублях,1,размере,2,same,
сотрудникам,директор давал деньги [MASK] за работу,сотруднику,1,сотруднику,2,idk,
преступление,комиссия расследует [MASK],.,1,дело,2,idk,
целей,команда достигла [MASK],.,1,цели,2,idk,
владелец,[MASK] рассматривал возможность,Я,1,человек,2,idk,
министерство,[MASK] провело проверку,МВД,1,ведомство,2,idk,
пикет,человек организовал [MASK],.,2,[UNK],2,idk,
коже,рука поползла вверх по [MASK],стене,0.5,руке,2,idk,
человек,[MASK] пожаловался в суд,Бизнесмен,1,истец,2,idk,
сборная,[MASK] победила,Россия,1,команда,2,idk,
человеку,путин помог [MASK],.,1,россии,2,idk,
полиция,[MASK] опровергла информацию,Полиция,1,компания,2,idk,
человеку,супруга доставила [MASK] беспокоиство,мне,2,[UNK],2,idk,
клетке,животное жило в [MASK],лесу,1,клетке,2,idk,
содержанием,что - то было [MASK] факта,до,0.5,против,2,idk,
[UNK],[MASK] сбрасывает бомбы на территорию,Россия,2,авиация,2,same,
пожар,человек увидел [MASK],.,2,[UNK],2,idk,
миллиард,состояние выросло на [MASK],порядок,1,миллиард,2,idk,
человек,[MASK] разговаривал по интернету с тестем,Я,1,человек,2,idk,
травмой,человека госпитализировали с [MASK],ожогами,1,травмой,2,idk,
дым,мужчина пускал [MASK] изо рта,дым,1,дым,2,idk,
ребенок,[MASK] посчитал мужчину классным,Я,1,человек,2,idk,
птичка,[MASK] чмокнула императора в лоб,И,2,[UNK],2,idk,
[UNK],[MASK] сложил оружие,Он,2,враг,2,same,
поверхностью,лаинер столкнулся с [MASK],проблемами,1,трудностями,2,idk,
человек,[MASK] оказался погибшим,Он,1,человек,2,idk,
проблему,заказчик решил [MASK] методом,другим,1,задачу,2,idk,
лестнице,мужчина шел по [MASK],улице,1,улице,2,idk,
ребенок,[MASK] не понимал необходимость,Он,1,человек,2,idk,
воздух,мужчина открыл стрельбу из оружия в [MASK],кафе,1,толпе,2,idk,
работу,комитет проверил [MASK],.,1,информацию,2,idk,
девушка,[MASK] поинтересовалась у командира,Она,2,[UNK],2,idk,
огнем,глаза горели [MASK] у команды,даже,1,огнем,2,idk,
пустота,[MASK] заполнилась чем - то,она,0.5,комната,2,idk,
кресле,гость свободно сел в [MASK],машину,1,кресло,2,idk,
возмущением,человек отреагировал [MASK] на высказывание,негативно,1,шуткой,2,idk,
поправка,[MASK] готовилась минтрансом,Она,0.5,акция,2,idk,
руке,человек держал что в [MASK],руках,1,руке,2,idk,
человек,[MASK] уложил ребенка в кровать,Отец,1,мужчина,2,idk,
полиции,у [MASK] была версия,меня,1,следствия,2,idk,
ошибку,представитель принес извинения знаменитости за [MASK],Instagram,1,инцидент,2,idk,
водитель,[MASK] завел двигатель,Я,1,человек,2,idk,
человек,[MASK] опаздывал,Я,1,поезд,2,idk,
пост,[MASK] понравился дине,Мне,0.5,фильм,2,idk,
улице,человек ходил по [MASK],ссылке,0.5,улице,2,idk,
[UNK],житель пожаловался на [MASK],ЖКХ,2,[UNK],2,same,
другу,враг лгал [MASK],.,1,россии,2,idk,
вода,[MASK] проходила с крыши в водопровод через систему,Вода,1,вода,2,idk,
подготовку,сборная начала [MASK],.,1,выступление,2,idk,
историю,мужчина напомнил собеседникам [MASK],.,2,[UNK],2,idk,
здание,человек считал [MASK] странным,это,2,[UNK],2,idk,
спасение,бог послал тамаре [MASK],.,2,[UNK],2,idk,
пара,[MASK] рассталась,Пара,1,пара,2,idk,
[UNK],[MASK] получил ранение,Он,2,человек,2,same,
преступника,суд посадил [MASK] в тюрьму,его,1,мужчину,2,idk,
снегу,телега застряла в [MASK],грязи,1,грязи,2,idk,
деньги,кто - то прислал [MASK] человеку,этому,0.5,письмо,2,idk,
марки,человек покупал [MASK],.,1,товар,2,idk,
[UNK],общество обладает [MASK],.,2,ценностью,2,same,
[UNK],разрешение требовалось [MASK] для ввоза,только,2,[UNK],2,same,
прохожего,преступник ранил [MASK],полицейского,1,человека,2,idk,
человек,[MASK] совершил грех,Он,1,человек,2,idk,
инициативе,пара распалась по [MASK],любви,0.5,решению,2,idk,
сборной,соперники забили [MASK] гол,ответный,2,[UNK],2,idk,
президент,[MASK] столкнулся с проблемои,Я,1,человек,2,idk,
люди,[MASK] узнали о владельце,Мы,1,люди,2,idk,
сотрудник,[MASK] дежурил,Я,1,человек,2,idk,
лауреатом,книга стала [MASK],.,2,[UNK],2,idk,
сети,пользователь посмеялся в [MASK] над фотографиеи человека,комментариях,1,сети,2,idk,
[UNK],причина заключалась в [MASK],другом,2,[UNK],2,same,
[UNK],люди уехали в поезде с вокзала в [MASK],Москву,2,[UNK],2,same,
юбка,[MASK] вошла в коллекцию,Коллекция,0.5,модель,2,idk,
молния,[MASK] попала в самолет,Она,0.5,ракета,2,idk,
[UNK],животное родило [MASK],.,2,ребенка,2,same,
мужчине,суд назначил [MASK] наказание,условное,1,мужчине,2,idk,
[UNK],люди ознакомились с приказом в [MASK],интернете,2,интернете,2,same,
задачу,ученыи решал [MASK] методом,##о,1,задачу,2,idk,
книги,читатели узнали из [MASK] о девочке,новостей,1,новостей,2,idk,
решение,жена сочла [MASK] правильным,это,1,решение,2,idk,
кафе,посетители пришли в [MASK],восторг,1,зал,2,idk,
объем,человек оценил [MASK],.,1,работу,2,idk,
человек,[MASK] входил в разряд,Не,0.5,игрок,2,idk,
животное,охотник попал из ружья в [MASK],человека,1,животное,2,idk,
рубеж,кто - то перевел деньги за [MASK] в размере,квартиру,1,услугу,2,idk,
человек,[MASK] топил печку углем,Он,1,человек,2,idk,
[UNK],эксперт назвал [MASK] лучшеи,себя,2,систему,2,same,
концерт,зрители пришли на [MASK],спектакль,1,представление,2,idk,
человек,[MASK] воодушевился,Я,1,человек,2,idk,
ребенок,[MASK] находился на крыше,Он,1,человек,2,idk,
человек,[MASK] считал лицо знакомым,?,1,человек,2,idk,
россиянин,[MASK] следовал рекомендациям,Я,1,человек,2,idk,
суд,[MASK] приговорил жителя,Суд,1,суд,2,idk,
человеком,вопрос встал перед [MASK],.,1,человеком,2,idk,
президент,[MASK] поблагодарил россию за поддержку,Эрдоган,1,президент,2,idk,
человек,[MASK] пришел на поле,Он,2,[UNK],2,idk,
кабинет,вода хлынула в [MASK],резервуар,1,помещение,2,idk,
[UNK],[MASK] осталось россии,Немного,2,[UNK],2,same,
гомосексуализма,государство защищало ребенка от [MASK],террористов,1,опасности,2,idk,
человек,[MASK] улыбнулся,Он,1,человек,2,idk,
выход,[MASK] состоял в чем - то,Он,0.5,смысл,2,idk,
космос,ракета вывела корабль в [MASK],космос,1,космос,2,idk,
трудностями,предприятие столкнулось с [MASK],проблемами,1,трудностями,2,idk,
[UNK],компания отметила [MASK],.,2,рост,2,same,
[UNK],ремонт требовался [MASK],.,2,[UNK],2,same,
человек,[MASK] навел справки,Я,1,человек,2,idk,
человек,[MASK] погрузил книги в фургон,Водитель,1,водитель,2,idk,
человек,[MASK] знает многое,Он,1,человек,2,idk,
территории,ввс убивали людеи на [MASK],войне,0.5,территории,2,idk,
кресла,мужчина поднялся с [MASK],земли,1,кровати,2,idk,
инспектору,мужчина показал документы [MASK],.,1,журналисту,2,idk,
добро,[MASK] проиграло злу,Добро,1,добро,2,idk,
женщина,[MASK] умерла,Она,1,женщина,2,idk,
рассмотрение,документ поступил со стороны на [MASK],почту,1,рассмотрение,2,idk,
право,женщина получила [MASK],.,1,травму,2,idk,
продавец,[MASK] владел участком,Он,2,[UNK],2,idk,
голоден,человек был очень [MASK],.,1,умным,2,idk,
испытания,[MASK] являются необходимыми,Они,1,условия,2,idk,
поступка,из - за потока человек не совершил [MASK],.,1,действия,2,idk,
компания,[MASK] выходила из проекта,Не,1,компания,2,idk,
страна,[MASK] знала о богатстве,Она,1,женщина,2,idk,
идея,инвалидам понравилась [MASK],.,1,идея,2,idk,
болезнь,у некоторых [MASK] развивалась в кариес,она,1,болезнь,2,idk,
человек,[MASK] погиб,Он,1,человек,2,idk,
[UNK],внук купил у помещика [MASK],.,2,[UNK],2,same,
ситуацию,человек видел [MASK],.,2,[UNK],2,idk,
глаза,солнце светило в [MASK],глаза,1,окно,2,idk,
пол,книга упала на [MASK],пол,1,пол,2,idk,
происшествие,камера сняла [MASK],.,1,момент,2,idk,
судья,[MASK] попросил у девушки телефон,Мужчина,1,человек,2,idk,
цену,продавец объявил [MASK],.,1,цену,2,idk,
компания,[MASK] занялась разработкои,Компания,1,компания,2,idk,
добро,таможня дала [MASK],.,1,разрешение,2,idk,
[UNK],женщина утверждала [MASK],.,2,обратное,2,same,
берегу,замок красуется на [MASK],стене,1,двери,2,idk,
сервис,[MASK] провел исследование,Роспотребнадзор,1,ученый,2,idk,
футболист,[MASK] круто играл,Очень,0.5,футболист,2,idk,
рынке,компания увеличила долю на [MASK],рынке,1,рынке,2,idk,
человека,у [MASK] еще были деньги,него,1,человека,2,idk,
россию,президент приезжал в [MASK] для подписания,Минск,1,россию,2,idk,
человек,[MASK] деиствует не по плану,Все,0.5,страна,2,idk,
[UNK],[MASK] летал,Не,2,самолет,2,same,
деньгах,человек думал о [MASK],другом,2,[UNK],2,idk,
человек,[MASK] получил выплату,Я,1,человек,2,idk,
[UNK],осужденныи устроил [MASK],.,2,побег,2,same,
вину,девушка признавала [MASK],.,1,вину,2,idk,
срок,суд продлил [MASK] обвиняемому по делу,арест,1,арест,2,idk,
войны,человек устал от [MASK],этого,1,жизни,2,idk,
прокурору,суд разрешил [MASK] перенос,его,2,[UNK],2,idk,
[UNK],президент считал [MASK] персонои,себя,2,[UNK],2,same,
восход,человек встретил [MASK] в лесу,динозавра,2,[UNK],2,idk,
человек,[MASK] вернулся к занятиям,И,0.5,человек,2,idk,
[UNK],мужчина говорил о [MASK],себе,2,[UNK],2,same,
защитник,[MASK] не ушел из команды,Пока,1,никто,2,idk,
завтрак,повар составил [MASK] из фруктов,блюдо,1,блюдо,2,idk,
убийство,преступник совершил [MASK],.,1,преступление,2,idk,
темой,инициатива стала [MASK],.,2,[UNK],2,idk,
читатель,[MASK] вспомнил имя,Я,1,человек,2,idk,
клуба,кто - то ушел из [MASK],ЕР,0.5,жизни,2,idk,
кому,женщина впала в [MASK] от осложнения,кому,1,кому,2,idk,
человек,[MASK] плакал,Я,1,человек,2,idk,
вопрос,человек решил [MASK],.,1,задачу,2,idk,
эксперт,[MASK] заявлял о завышении,Он,2,[UNK],2,idk,
информацией,сестра не согласилась с [MASK],ответом,1,решением,2,idk,
полиция,[MASK] бездеиствовала,Я,0.5,погода,2,idk,
веру,штурман терял [MASK],.,1,управление,2,idk,
продавцом,покупатель встретился с [MASK],продавцом,1,продавцом,2,idk,
москве,в [MASK] была плохая погода,Москве,1,городе,2,idk,
[UNK],[MASK] вызвало аллергическую реакцию,Это,2,[UNK],2,same,
сирена,[MASK] завыла,Собака,1,собака,2,idk,
человек,[MASK] опирался на опыт,Я,1,человек,2,idk,
обучение,сыщик планировал [MASK],.,0,убийство,2,idk,
зоне,в [MASK] возникла опасность,нем,1,городе,2,idk,
человек,[MASK] отодвинул тарелку,Я,1,человек,2,idk,
человек,[MASK] показался из - за угла,Жириновский,1,человек,2,idk,
[UNK],версия выглядела [MASK],.,2,[UNK],2,same,
полиция,[MASK] поимала мужчину,Она,0.5,полиция,2,idk,
защита,[MASK] требовала освобождения,Она,1,оппозиция,2,idk,
мыши,[MASK] развелись в доме,Они,0.5,супруги,2,idk,
памяти,эпизод всплывал в [MASK],процессе,0.5,памяти,2,idk,
человек,[MASK] захотел близости,Он,1,человек,2,idk,
поднос,официант внес [MASK] в зал,его,0.5,поднос,2,idk,
аэропорт,самолет возвращался с парада в [MASK] из - за неисправности,Москве,1,аэропорт,2,idk,
миллиард,сбербанк уменьшился на [MASK],треть,0.5,процент,2,idk,
губернатор,[MASK] покивал головои,Он,1,человек,2,idk,
беспокойством,недоумение на лице сменилось [MASK],?,1,улыбкой,2,idk,
школу,школьник ходил в [MASK],школу,1,школу,2,idk,
человек,[MASK] расстроился,Я,1,человек,2,idk,
человек,[MASK] разобрал устроиство на детали,Я,1,человек,2,idk,
новость,тасс передавал [MASK] с места со ссылкои,фото,1,новость,2,idk,
отчет,компания разработала [MASK],.,2,[UNK],2,idk,
власть,[MASK] скрывала правду,Она,1,женщина,2,idk,
полицейский,[MASK] остановил машину для проверки,Водитель,0.5,полицейский,2,idk,
страна,[MASK] развалилась на множество,Россия,1,страна,2,idk,
человек,[MASK] шел,Я,0.5,дождь,2,idk,
изменение,санкции вызвали [MASK],?,1,рост,2,idk,
счетом,встреча закончилась победои со [MASK],счетом,1,счетом,2,idk,
комета,[MASK] оставляла за собои шлеиф,Она,2,[UNK],2,idk,
условие,девушка согласилась на [MASK] с удовольствием,это,1,предложение,2,idk,
мужчина,[MASK] ушел из квартиры,Мужчина,1,человек,2,idk,
[UNK],танк пошел на [MASK],таран,2,врага,2,same,
большинства,полина отличалась от [MASK] нравом,них,2,[UNK],2,idk,
[UNK],президент сделал [MASK] предложение,ему,2,россии,2,same,
[UNK],[MASK] сокращалась,Не,2,площадь,2,same,
квартирой,мужчина связался с [MASK],полицией,2,[UNK],2,idk,
человек,[MASK] испугался,Я,1,человек,2,idk,
соцсети,люди обсуждали историю в [MASK],комментариях,1,интернете,2,idk,
человек,[MASK] надеялся на прощение,Он,1,человек,2,idk,
установки,человек стрелял снарядами из [MASK] в фашистов,пулемета,0,пулемета,2,idk,
алле,голос человека ответил [MASK],.,2,[UNK],2,idk,
команды,[MASK] сыграли вничью,Мы,1,команды,2,idk,
[UNK],суд отпустил [MASK] под подписку,его,2,обвиняемого,2,same,
читатель,[MASK] высказал мнение,Я,1,эксперт,2,idk,
[UNK],приказ гнал солдат в [MASK],атаку,2,сторону,2,same,
житель,[MASK] думал о повешенном,Он,1,человек,2,idk,
отдельно,комиссия рассмотрела вопрос [MASK],.,1,большинством,2,idk,
председатель,[MASK] открыл сессию,Я,1,человек,2,idk,
ученый,[MASK] понял процесс,Я,1,человек,2,idk,
подсудимого,кириллов разрешил следствию арестовать [MASK],.,1,подозреваемого,2,idk,
[UNK],[MASK] шумел,Не,2,ветер,2,same,
[UNK],миша посмотрел на [MASK],меня,2,собеседника,2,same,
продажам,компания готовилась к [MASK] чего - то,производству,1,выпуску,2,idk,
боли,посол страдал от [MASK],…,1,болезни,2,idk,
ухудшении,концерн рассказал об [MASK],этом,1,устройстве,2,idk,
факт,[MASK] не менялся,Он,1,состав,2,idk,
флот,генерал возглавлял [MASK],.,2,[UNK],2,idk,
болезнь,[MASK] вернулась к мужчине,Женщина,1,память,2,idk,
ученый,"[MASK] считал, что что - то существует",Всегда,1,человек,2,idk,
[UNK],[MASK] лежал на подушке,Он,2,человек,2,same,
ничего,у человека [MASK] не получалось,ничего,1,ничего,2,idk,
человек,[MASK] увидел панораму,Я,1,человек,2,idk,
ужаса,робот расширил глаза от [MASK],удивления,0,удивления,2,idk,
лейтенант,[MASK] контролировал ситуацию,Он,1,человек,2,idk,
журналисту,психолог ответил [MASK] об украине,американцу,1,журналисту,2,idk,
[UNK],человек страдал из - за низкои [MASK],.,2,температуры,2,same,
покупатель,[MASK] покупал что - то,Я,1,человек,2,idk,
[UNK],решение объяснялось [MASK],.,2,необходимостью,2,same,
кольцо,[MASK] не было важным,Это,1,решение,2,idk,
вода,[MASK] находилась в кувшине,Вода,1,вода,2,idk,
новость,источник сообщил [MASK] интерфаксу,по,0.5,новость,2,idk,
огонь,[MASK] охватил здание из - за ветра,Огонь,0.5,пожар,2,idk,
работа,[MASK] шла,Не,0.5,работа,2,idk,
рука,[MASK] оказалась свободнои,Дорога,1,дорога,2,idk,
борьбы,правительство делало что - то для [MASK],народа,1,защиты,2,idk,
крыльев,у женщины не было [MASK],.,1,денег,2,idk,
предприниматель,[MASK] купил бизнес,Путин,0,миллиардер,2,idk,
выборах,кандидат участвует в [MASK],праймериз,1,выборах,2,idk,
девушка,[MASK] спросила командира,Я,2,[UNK],2,idk,
супруга,[MASK] доставила человеку беспокоиство,Она,2,[UNK],2,idk,
мысль,[MASK] показалась спорнои,Мне,0.5,версия,2,idk,
пользователь,[MASK] опубликовал гифку,Я,1,пользователь,2,idk,
наркотики,полицеиские нашли [MASK] у юноши,наркотики,1,наркотики,2,idk,
[UNK],[MASK] затонул,Корабль,2,корабль,2,same,
ущерба,эксперт следовал критериям при оценке [MASK],.,1,объекта,2,idk,
актера,человек разместил кофр у [MASK],входа,1,двери,2,idk,
очки,команда набрала [MASK] для выхода,очки,1,очки,2,idk,
эксперт,[MASK] предположил что - то,Я,1,эксперт,2,idk,
продажи,[MASK] выросли на процент,Цены,1,продажи,2,idk,
права,человек имел [MASK],.,1,право,2,idk,
смех,[MASK] несся со стороны,Он,0.5,крик,2,idk,
проект,[MASK] нарушил правило,Я,1,человек,2,idk,
помощь,врач оказывал [MASK] женщине,помощь,1,помощь,2,idk,
меньше,аппетит из - за стресса становился [MASK],.,1,хуже,2,idk,
голоса,люди не слышат [MASK] в эфире,музыку,0.5,голос,2,idk,
музыкантом,люди восхищались [MASK],.,1,красотой,2,idk,
издательство,[MASK] опубликовало книгу,Издательство,1,издательство,2,idk,
пуля,[MASK] попала из машины в камеру рикошетом,Пуля,1,пуля,2,idk,
эксперт,[MASK] считал что - то истинным,Он,1,человек,2,idk,
помощью,насекомое обратилось за [MASK] к волшебнику,помощью,1,помощью,2,idk,
агентство,[MASK] спросило главу о вопросе,Руководство,1,издание,2,idk,
бою,человек испытал что - то в [MASK],жизни,0.5,ответ,2,idk,
пенсию,лидер ушел на [MASK],пенсию,1,пенсию,2,idk,
революции,революционеры мечтали о [MASK],свободе,2,[UNK],2,idk,
камеру,человека посадили в [MASK],тюрьму,1,тюрьму,2,idk,
камень,[MASK] сломал автомобиль,Он,2,[UNK],2,idk,
хищник,[MASK] убежал от носорога,Слон,0.5,человек,2,idk,
граждан,власть ограничивала [MASK],?,1,граждан,2,idk,
больнице,врачи лечили человека в [MASK],больнице,1,больнице,2,idk,
человеком,боцман восхищался [MASK],.,1,кораблем,2,idk,
переносе,прокурор попросил суд о [MASK],наказании,2,[UNK],2,idk,
посадку,самолет совершил [MASK] из - за пассажира,посадку,1,посадку,2,idk,
работа,[MASK] заканчивалась,Игра,1,история,2,idk,
первым,родитель стал [MASK],.,2,[UNK],2,idk,
берег,капитан выбросил коробку на [MASK],пол,1,пол,2,idk,
деньги,[MASK] приходили на счет,Деньги,1,деньги,2,idk,
министерство,[MASK] подготовило проект,Правительство,1,министерство,2,idk,
специалист,[MASK] настаивал на возвращении,Он,1,адвокат,2,idk,
дело,[MASK] дошло в суд,Дело,1,дело,2,idk,
самолет,[MASK] находится в воздухе,Он,0.5,самолет,2,idk,
огромным,размер объекта был [MASK],.,1,большим,2,idk,
человек,[MASK] вел себя неадекватно,Он,1,человек,2,idk,
травму,пострадавшии получил [MASK],.,1,травму,2,idk,
тысячи,партия имеет [MASK],.,1,большинство,2,idk,
законопроект,депутаты рассмотрели [MASK],.,1,законопроект,2,idk,
парламент,[MASK] принял законопроект,Парламент,2,[UNK],2,idk,
предложения,разговор начинался с [MASK],.,1,вопроса,2,idk,
снег,за окном шел [MASK],.,1,дождь,2,idk,
берегу,корабль причалил к [MASK],берегу,1,берегу,2,idk,
ложью,полиция объявила информацию [MASK],.,1,ложной,2,idk,
[UNK],[MASK] отмыл платье,Я,2,человек,2,same,
человек,[MASK] выпил шампанское из бокала,Путин,1,человек,2,idk,
фильм,[MASK] собрал миллион за неделю,Он,1,фильм,2,idk,
информация,[MASK] была в ответе,Россия,1,россия,2,idk,
безопасностью,солдат следил за [MASK],мной,1,движением,2,idk,
суд,прокуратура обратилась в [MASK] с иском,суд,1,суд,2,idk,
девушка,[MASK] поделилась с другом снимком,Девушка,1,девушка,2,idk,
тысячи,[MASK] смотрели матч по телевизору,Мы,1,люди,2,idk,
представления,министерство просит у мид [MASK],.,2,[UNK],2,idk,
[UNK],щека вспыхнула румянцем от [MASK],смущения,2,смущения,2,same,
млрд,объем стал выше [MASK],.,1,метра,2,idk,
веселым,сын стал [MASK],.,1,взрослым,2,idk,
сезона,стоимость менялась от [MASK],производителя,2,[UNK],2,idk,
туманом,землю заволокло [MASK],.,1,дымом,2,idk,
работы,япония выполняла [MASK],.,1,работу,2,idk,
полиция,[MASK] искала преступника,Полиция,1,полиция,2,idk,
работа,[MASK] кипела,Работа,1,жизнь,2,idk,
вывод,ученыи сделал [MASK] по результатам,выводы,1,вывод,2,idk,
работа,[MASK] завершилась,Игра,1,встреча,2,idk,
захоронение,оператор отвечал за [MASK],безопасность,1,работу,2,idk,
заявлением,президент выступил с [MASK],обращением,1,заявлением,2,idk,
[UNK],[MASK] создал команду на полуострове,Путин,2,человек,2,same,
места,человек сорвался с [MASK],цепи,1,обрыва,2,idk,
война,[MASK] развернулась,Машина,0.5,история,2,idk,
человек,[MASK] публиковал информацию,Я,2,[UNK],2,idk,
высота,[MASK] была меньше метра,Глубина,1,глубина,2,idk,
ярусе,водитель думал о [MASK],другом,2,[UNK],2,idk,
переносом,суд согласился с [MASK],доводами,1,решением,2,idk,
дома,девушка убегает из [MASK] на берег,воды,1,дома,2,idk,
команда,[MASK] проиграла,И,0.5,команда,2,idk,
миллион,человек хотел [MASK] для освобождения,сбежать,2,[UNK],2,idk,
ситуации,россия оставалась в сложнои [MASK] из - за санкции,ситуации,1,ситуации,2,idk,
женщина,[MASK] рассказала про симптомы врачу,Я,1,женщина,2,idk,
мужчина,[MASK] лег на кушетку,Он,1,человек,2,idk,
ответ,человек озвучивал [MASK],.,1,мысль,2,idk,
[UNK],[MASK] была маленькои,Я,2,боль,2,same,
человек,[MASK] пустил немца во дворец,Царь,2,[UNK],2,idk,
убийстве,человек рассказал об [MASK] жене,этом,1,истории,2,idk,
человек,[MASK] использовал вещь,Я,1,человек,2,idk,
больницу,девушка пришла в [MASK],себя,1,сознание,2,idk,
массы,система устанавливала значение [MASK],.,2,[UNK],2,idk,
участник,[MASK] совершил преступление,Он,1,мужчина,2,idk,
министр,[MASK] встретился с участником для обсуждения,Я,1,лидер,2,idk,
человек,[MASK] ужинал,Я,1,человек,2,idk,
кустов,змея выползла из [MASK],норы,1,норы,2,idk,
компания,[MASK] принесла извинения,Я,1,компания,2,idk,
человек,[MASK] понял все о событии,Я,1,человек,2,idk,
ситуация,[MASK] происходила второи раз,Она,1,встреча,2,idk,
гроза,началась [MASK],.,1,война,2,idk,
звук,[MASK] становился противным,Он,1,голос,2,idk,
боли,больнои стонал от [MASK],меня,0.5,боли,2,idk,
вода,[MASK] уходила в песок,Вода,1,вода,2,idk,
риск,[MASK] появлялся,не,0,человек,2,idk,
комиссия,[MASK] назвала виновных,Прокуратура,1,компания,2,idk,
мошенничестве,компания получила информацию о [MASK],продаже,2,[UNK],2,idk,
действия,[MASK] началось,Все,1,обсуждение,2,idk,
министерство,[MASK] включило россию в список,WADA,1,агентство,2,idk,
девушка,[MASK] бросила взгляд на матерь,Я,2,[UNK],2,idk,
человек,[MASK] столкнулся с задачеи,Я,1,человек,2,idk,
площадка,[MASK] стала аренои чего - то,Она,1,компания,2,idk,
человек,[MASK] бросил кошку,Он,1,человек,2,idk,
информация,[MASK] была в сообщении,Новость,1,информация,2,idk,
истец,[MASK] требовал компенсации от защитника,Футболист,0.5,истец,2,idk,
группировку,компания обвинила [MASK] в чем - то,его,2,[UNK],2,idk,
разговору,бармен прислушивался к [MASK],происходящему,0.5,разговору,2,idk,
победителя,суд выбрал [MASK],.,1,вариант,2,idk,
пол,человек постелил бумагу на [MASK],стол,1,пол,2,idk,
тысячи,[MASK] приехали на форум для борьбы,Они,1,люди,2,idk,
развитию,правительство помогало [MASK],.,1,россии,2,idk,
человека,следствие проверяло [MASK],.,1,версию,2,idk,
[UNK],процессы мешали [MASK],.,2,[UNK],2,same,
труба,[MASK] проходила по городу,Колонна,0.5,волна,2,idk,
человека,пуля пролетела мимо [MASK],.,1,цели,2,idk,
работу,человек прилежно выполнял [MASK],!,1,работу,2,idk,
семьи,жена ушла из [MASK],дома,1,дома,2,idk,
президент,[MASK] одобрил отставку,Президент,1,президент,2,idk,
инерции,ракета летела по [MASK],кругу,0.5,небу,2,idk,
человека,спасатель спас [MASK],.,1,человека,2,idk,
ситуации,человек не знал причины [MASK],.,1,поступка,2,idk,
велосипедистов,правила были введены для [MASK] за счет,экономии,0.5,граждан,2,idk,
исследовании,ученые получили результат в [MASK],лаборатории,1,лаборатории,2,idk,
[UNK],у некоторых из - за болезни появлялся [MASK],.,2,[UNK],2,same,
слова,человек сказал [MASK],.,1,правду,2,idk,
зверь,[MASK] убегал от опасности,Он,1,человек,2,idk,
пожар,[MASK] начался от замыкания,Пожар,1,пожар,2,idk,
людей,[MASK] тошнило,Меня,1,человека,2,idk,
лицу,человек понял намерение по [MASK],телефону,1,голосу,2,idk,
руки,человек с интересом смотрел на [MASK],него,1,картину,2,idk,
небольшим,размер был [MASK],?,1,большим,2,idk,
ребенок,[MASK] чувствовал тошноту,Я,1,человек,2,idk,
участия,человек требовался для [MASK],этого,0.5,работы,2,idk,
самолет,ввс сбили [MASK] в воздушном пространстве,самолет,1,самолет,2,idk,
музыку,человек слушал [MASK],.,1,музыку,2,idk,
[UNK],[MASK] реагирует на ситуацию заслонами,Москва,2,полиция,2,same,
человека,друг пригласил [MASK] в ресторан,меня,1,девушку,2,idk,
закон,парламент утвердил [MASK],.,1,законопроект,2,idk,
мужчина,[MASK] не съел конфету,Чуть,1,человек,2,idk,
цена,[MASK] менялась,Не,0.5,цена,2,idk,
страна,[MASK] договорилась с партнерами,Компания,1,компания,2,idk,
собеседника,человек обманывал [MASK],.,1,себя,2,idk,
человеком,владимир являлся [MASK],.,1,центром,2,idk,
отставку,правительство ушло в [MASK],отставку,1,отставку,2,idk,
жена,[MASK] ушла из семьи,Она,1,девушка,2,idk,
число,[MASK] было маленьким,Оно,1,число,2,idk,
сестра,[MASK] не согласилась с информациеи,Я,1,компания,2,idk,
певец,[MASK] пел басом,Он,1,человек,2,idk,
кошку,человек бросил [MASK],.,2,[UNK],2,idk,
ребенка,сезон открылся для [MASK],всех,0.5,болельщиков,2,idk,
человек,[MASK] сделал выводы из ситуации,Я,1,человек,2,idk,
[UNK],[MASK] увидел что - то красивое,Я,2,человек,2,same,
[UNK],[MASK] простил дворника дворника,Путин,2,человек,2,same,
президент,[MASK] принял предложение,Я,1,человек,2,idk,
оператор,[MASK] экономил боеприпасы,Он,1,противник,2,idk,
опасным,деиствие было [MASK] для безопасности,необходимо,1,необходимо,2,idk,
здание,пожарные потушили [MASK],.,1,огонь,2,idk,
сторона,[MASK] заявила что - то,ЛДПР,1,компания,2,idk,
страна,[MASK] походила на арену,Она,0.5,комната,2,idk,
человек,[MASK] вышел по дороге к берегу,Я,1,человек,2,idk,
ценность,друг взял [MASK] у человека,его,0.5,деньги,2,idk,
ситуации,причина [MASK] оставалась неизвестнои,смерти,1,поступка,2,idk,
человек,[MASK] смог деиствовать,Не,0.5,человек,2,idk,
предателем,украинец посчитал противника [MASK],.,1,опасным,2,idk,
националист,[MASK] не был опасным,Он,1,человек,2,idk,
команде,нападающии помог [MASK] в матче,победить,1,команде,2,idk,
психологи,[MASK] отмечали праздник,Как,1,люди,2,idk,
клиент,[MASK] покупал продукт,Я,1,человек,2,idk,
достижения,в грузии были [MASK],?,1,проблемы,2,idk,
руку,человек приложил [MASK] к сканеру,руку,1,руку,2,idk,
лице,у человека выступил пот на [MASK],лбу,0.5,лице,2,idk,
сборная,[MASK] обыграла команду в хоккеи,Россия,0.5,сборная,2,idk,
большинством,депутаты проголосовали [MASK] против варианта,категорически,1,большинством,2,idk,
[UNK],[MASK] увеличились,Цены,2,продажи,2,same,
разговор,бармен подслушивал [MASK],.,1,разговор,2,idk,
хуже,ситуация становилась для людеи [MASK],.,1,сложной,2,idk,
человек,[MASK] не ушел из дома,Никто,1,человек,2,idk,
сборная,[MASK] проиграла,И,0.5,команда,2,idk,
перечнем,участники рынка руководствуются [MASK] товаров,качеством,1,качеством,2,idk,
мужчина,[MASK] нравился девушке,Он,1,мужчина,2,idk,
система,[MASK] обошлась гражданам в млн,Акция,1,работа,2,idk,
[UNK],работа велась [MASK],.,2,[UNK],2,same,
кандидатом,человек стал [MASK],.,1,другим,2,idk,
поверхность,человек вывел из здания на [MASK],улицу,1,улицу,2,idk,
аэродрома,военныи уходил с [MASK],.,1,позиции,2,idk,
полету,человек готовился к [MASK],выборам,1,встрече,2,idk,
ребенок,[MASK] погиб,Он,2,человек,2,idk,
секрет,человек помнил [MASK],.,2,[UNK],2,idk,
правительство,[MASK] помогало развитию,Это,1,государство,2,idk,
весна,была [MASK],.,1,тишина,2,idk,
самолет,[MASK] загорелся,Он,1,автомобиль,2,idk,
человека,глеб остановил [MASK],.,1,корабль,2,idk,
мир,[MASK] возник,Вопрос,1,пожар,2,idk,
реакцию,решение вызвало у стороны [MASK],недоумение,1,протест,2,idk,
клиентов,компания организовала запуск для [MASK],SpaceX,2,[UNK],2,idk,
пассажиры,[MASK] ждали в поезде,Меня,1,пассажира,2,idk,
люди,[MASK] гибли от болезни,Люди,1,люди,2,idk,
физик,[MASK] завершил расследование с помощью данных,СК,1,следователь,2,idk,
слова,агентство сообщает [MASK],.,2,[UNK],2,idk,
большим,спрос был [MASK],.,1,низким,2,idk,
никто,человеку [MASK] не сказал о соревновании,никто,1,никто,2,idk,
оружия,у [MASK] имелась возможность что - то делать,них,1,человека,2,idk,
дом,преступник ворвался в [MASK],здание,1,здание,2,idk,
[UNK],исключения бывали [MASK],.,2,[UNK],2,same,
армия,[MASK] проиграла воиску,Россия,0,сборная,2,idk,
[UNK],[MASK] мучила жажда,Его,2,человека,2,same,
слова,софия вспомнила [MASK],.,2,[UNK],2,idk,
реке,машина находится в [MASK],гараже,1,городе,2,idk,
победы,сборная добилась [MASK],.,1,успеха,2,idk,
машине,человек въехал на [MASK] в воду,мотоцикле,1,машине,2,idk,
беременна,женщина была [MASK],.,2,[UNK],2,idk,
человек,[MASK] разместил дерево на гербе,Путин,2,[UNK],2,idk,
место,преступник покинул [MASK] преступления,место,1,место,2,idk,
[UNK],история объяснила [MASK],.,2,[UNK],2,same,
суду,стороны пожаловалась [MASK] на кого - то,еще,2,[UNK],2,idk,
оппонентом,человек подрался с [MASK],полицией,2,[UNK],2,idk,
количество,имелось достаточное [MASK],.,1,количество,2,idk,
доброволец,[MASK] вел воину против венесуэлы,Путин,2,[UNK],2,idk,
капли,[MASK] капали из котелка на пол,Они,2,капли,2,idk,
[UNK],девушка показала [MASK] жестом родителям,это,2,[UNK],2,same,
[UNK],[MASK] возникла активность,И,2,[UNK],2,same,
власть,[MASK] врала народу,ЕР,2,власть,2,idk,
дна,пятно поднялось на поверхность со [MASK],дна,2,стороны,2,idk,
истребитель,[MASK] поднимался с авиабазы в воздух для перехвата,Истребитель,2,истребитель,2,idk,
правительство,[MASK] ушло в отставку,Правительство,2,правительство,2,idk,
запрос,авиакомпания ответила лаиф на [MASK],запрос,2,запрос,2,idk,
выборки,погрешность превышала единицу для [MASK],начала,2,[UNK],2,idk,
процесс,[MASK] мешал деиствиям,Не,2,[UNK],2,idk,
ошибку,сергеи обнаружил [MASK],?,2,информацию,2,idk,
силы,[MASK] строили что - то,Хоть,2,люди,2,idk,
зима,[MASK] закончилась,Игра,2,история,2,idk,
волосы,человек поправил [MASK],.,2,[UNK],2,idk,
конструкцию,система представляла [MASK],.,2,опасность,2,idk,
план,осуществление входило в [MASK],.,2,план,2,idk,
место,[MASK] получилось плохим,Начало,2,[UNK],2,idk,
окно,[MASK] засветилось,Не,2,солнце,2,idk,
мужчина,[MASK] зашел в магазин,Я,2,человек,2,idk,
явления,ученыи определил причину [MASK],.,2,явления,2,idk,
корпорации,клиент купил образование у [MASK],РПЦ,2,компании,2,idk,
сборная,[MASK] вернулась в группу,Группа,2,команда,2,idk,
машина,[MASK] ехала,Я,2,машина,2,idk,
животное,[MASK] оскалилось,И,2,лицо,2,idk,
врачи,[MASK] помогли человеку,Вы,2,врачи,2,idk,
человек,[MASK] убил фашиста,Я,2,[UNK],2,idk,
защите,власть задумалась о [MASK],народе,2,[UNK],2,idk,
повреждение,самолет получил [MASK],.,2,повреждения,2,idk,
девушка,[MASK] пела песню,Я,2,девушка,2,idk,
ногой,модель перепутала голову с [MASK],ногами,2,[UNK],2,idk,
наследства,женщина убила сына ударом из - за [MASK],угла,2,[UNK],2,idk,
[UNK],женщина давала деньги [MASK],.,2,ребенку,2,same,
стороной,дождь прошел по прогнозу [MASK],.,2,[UNK],2,idk,
полиции,житель рассказал что - то [MASK],?,2,журналисту,2,idk,
конфликт,[MASK] обострился,Конфликт,2,конфликт,2,idk,
коля,[MASK] пускал робота в дело,Не,2,человек,2,idk,
человек,[MASK] задавал вопрос,Я,2,человек,2,idk,
человек,[MASK] почувствовал возможность,Я,2,человек,2,idk,
места,журналист прислал фото с [MASK] в редакцию через приложение,концерта,2,места,2,idk,
человек,[MASK] заплакал,И,2,человек,2,idk,
боя,глеб уклонился от [MASK],ответа,2,ответа,2,idk,
столе,калачик оказывался на [MASK],полу,2,полу,2,idk,
надежды,результат добавлял людям [MASK],.,2,радости,2,idk,
работа,[MASK] привела к результату,Не,2,работа,2,idk,
преступление,преступник совершил [MASK],.,2,преступление,2,idk,
тренировку,сборная провела [MASK],.,2,матч,2,idk,
эксперимент,ученыи провел [MASK] путем для проверки,проверку,2,эксперимент,2,idk,
идея,у правительства была [MASK],?,2,возможность,2,idk,
[UNK],"женщина считала, что [MASK] совершил преступление",он,2,мужчина,2,same,
решение,[MASK] повлияло на структуру,Это,2,изменение,2,idk,
экзамен,студент получил от преподавателя пятерку за [MASK],сочинение,2,сочинение,2,idk,
органы,[MASK] проводили транспортировку,Они,2,люди,2,idk,
замглавы,[MASK] исключил эдуарда из выборов,ЦИК,2,суд,2,idk,
ботинках,у человека хлюпало в [MASK],носу,2,носу,2,idk,
развития,проект предполагал строительство для [MASK],.,2,обеспечения,2,idk,
открытии,люди участвовали в [MASK],голосовании,2,[UNK],2,idk,
боец,[MASK] участвовал в десанте,Он,2,батальон,2,idk,
наличия,автор ожидал [MASK],.,2,продолжение,2,idk,
женщина,[MASK] впала в кому от осложнения,Женщина,2,женщина,2,idk,
поступком,пользователь возмутился [MASK] кого - то,поведением,2,поведением,2,idk,
грабитель,[MASK] успешно выполнил план,Он,2,отряд,2,idk,
способе,ученыи сообщил о [MASK],смерти,2,находке,2,idk,
девушку,мужчина смутил [MASK],.,2,девушку,2,idk,
слезы,[MASK] текли из глаз по щеке ручьем,Слезы,2,слезы,2,idk,
страха,дама взвизгнула от [MASK],смеха,2,ужаса,2,idk,
старик,[MASK] повторил предложение,И,2,человек,2,idk,
улучшение,организатор рассчитывал на [MASK],это,2,успех,2,idk,
дверь,гость закрыл [MASK],.,2,глаза,2,idk,
ответ,ведомство получило [MASK] со стороны,помощь,2,ответ,2,idk,
президент,[MASK] требовал от коллег сделать что - то,Он,2,человек,2,idk,
военным,брат был [MASK],.,2,[UNK],2,idk,
[UNK],человек говорил [MASK],.,2,правду,2,same,
кандидатуру,россия согласовала [MASK],.,2,[UNK],2,idk,
[UNK],[MASK] готовился к встрече,Он,2,человек,2,same,
[UNK],[MASK] оставил все наследство сыну,Отец,2,человек,2,same,
президент,[MASK] объяснил журналистам причины,Путин,2,эксперт,2,idk,
обвиняемого,суд отправил [MASK] под арест,его,2,обвиняемого,2,idk,
процент,цена увеличилась на [MASK],треть,2,процент,2,idk,
ветке,птица сидела на [MASK],ветке,2,ветке,2,idk,
информацию,представитель подтвердил [MASK] газете по телефону,это,2,информацию,2,idk,
солнце,[MASK] садилось в море,Солнце,2,солнце,2,idk,
костюм,князь надел [MASK],!,2,костюм,2,idk,
решение,человек принял [MASK],.,2,решение,2,idk,
ограничение,[MASK] коснулось евросоюза,Это,2,решение,2,idk,
военный,[MASK] стреляет из пулемета,Он,2,солдат,2,idk,
[UNK],[MASK] влияла на картину,Она,2,ситуация,2,same,
[UNK],произошло [MASK] необычное,нечто,2,[UNK],2,same,
счета,деньги уходили со [MASK],счета,2,счета,2,idk,
реальностью,перспектива стала [MASK],.,2,иной,2,idk,
блокировки,сбои наблюдался из - за [MASK] у клиента,проблем,2,сбоя,2,idk,
воде,рыбка плавала в [MASK],воде,2,воде,2,idk,
хуже,проблема становилась [MASK],.,2,актуальной,2,idk,
нужным,время казалось [MASK] французу,по,2,бесконечным,2,idk,
дороге,гости въезжали по [MASK] в ворота,одному,2,дороге,2,idk,
человек,[MASK] нервничал,Я,2,человек,2,idk,
счастья,человек добивался [MASK],.,2,цели,2,idk,
автор,[MASK] работал над созданием,Долго,2,ученый,2,idk,
город,воиско вошло из страны в [MASK],страну,2,состав,2,idk,
бабушку,человек пропустил [MASK],.,2,момент,2,idk,
информацию,журналисты ищут [MASK],.,2,человека,2,idk,
дозаправки,самолет сел в баку для [MASK],воды,2,дозаправки,2,idk,
[UNK],ситуация была [MASK],.,2,сложной,2,same,
следователь,[MASK] спросил человека о случае,Я,2,[UNK],2,idk,
человек,[MASK] выгуливал собаку,Он,2,человек,2,idk,
человек,[MASK] существовал,Не,2,вариант,2,idk,
человек,[MASK] занимался спортом,Он,2,человек,2,idk,
вода,у человека в ботинках была [MASK],.,2,вода,2,idk,
страха,человек плакал о самооценке от [MASK],бессилия,2,бессилия,2,idk,
тест,[MASK] дал результат,Эксперимент,2,опрос,2,idk,
больница,[MASK] прекратила работу,Она,2,компания,2,idk,
горизонте,облако появилось на [MASK],горизонте,2,горизонте,2,idk,
глаза,иван потер [MASK] ладонями,лицо,2,лицо,2,idk,
пальто,платье подходило по цвету к [MASK],.,2,[UNK],2,idk,
невыносимой,жизнь стала [MASK],.,2,другой,2,idk,
вести,человек пропал без [MASK],вести,2,вести,2,idk,
публикации,ираку требовалось время для [MASK],подготовки,2,подготовки,2,idk,
словах,софия задумалась о [MASK],.,2,[UNK],2,idk,
[UNK],[MASK] чувствовал запах,Я,2,человек,2,same,
[UNK],[MASK] подрался с обидчиком,Он,2,человек,2,same,
человек,[MASK] строит планы,Путин,2,человек,2,idk,
человек,[MASK] воодушевился,Я,2,человек,2,idk,
внук,[MASK] тянул с отъездом,Долго,2,человек,2,idk,
земле,город раскинулся на [MASK],.,2,километры,2,idk,
игре,команда выиграла в [MASK],овертайме,2,матче,2,idk,
мужчина,[MASK] держал лену рукои за пояс,Он,2,человек,2,idk,
человек,[MASK] оправился от волнения,Он,2,человек,2,idk,
армия,[MASK] достигла цели,Она,2,экспедиция,2,idk,
никто,[MASK] не видит человека,Он,2,камера,2,idk,
человека,медведь напал на [MASK],человека,2,человека,2,idk,
японца,проект оказался провальным для [MASK],меня,2,компании,2,idk,
индеец,[MASK] скрылся,Он,2,мужчина,2,idk,
топор,иван замотал [MASK] в полотенце,##ся,2,голову,2,idk,
ночь,была [MASK],.,2,тишина,2,idk,
оружие,капитан использовал [MASK],.,2,[UNK],2,idk,
письмо,никто не обратил внимания на [MASK],это,2,[UNK],2,idk,
отсутствии,данные свидетельствовали об [MASK],обратном,2,увеличении,2,idk,
врачи,[MASK] провели девушке операцию,Врачи,2,врачи,2,idk,
просьбой,министерство обратилось в мид с [MASK],.,2,просьбой,2,idk,
люди,[MASK] не общались,Давно,2,люди,2,idk,
судьи,[MASK] судили спортсменок,Как,2,судьи,2,idk,
языке,человек слышал слова на [MASK],русском,2,языке,2,idk,
человек,[MASK] много значил для женщины,Он,2,человек,2,idk,
хакер,[MASK] получил доступ в систему,Он,2,хакер,2,idk,
человеком,адвокат здоровался с [MASK],адвокатом,2,человеком,2,idk,
рыбка,[MASK] плавала в воде,Я,2,рыба,2,idk,
рта,мужчина пускал дым изо [MASK],рта,2,рта,2,idk,
доказательства,[MASK] подтверждали что - то,Они,2,данные,2,idk,
президент,[MASK] приказал кому - то сделать что - то,Он,2,генерал,2,idk,
местом,музеи стал [MASK] преступления,местом,2,местом,2,idk,
информацию,человек узнал [MASK],.,2,новость,2,idk,
вину,компания искупила свою [MASK],вину,2,вину,2,idk,
силой,самолет упал с [MASK] с высоты в воду,неба,2,обрыва,2,idk,
продукт,компания продавала [MASK],.,2,[UNK],2,idk,
президент,[MASK] выразил мнение,Я,2,человек,2,idk,
вопрос,[MASK] приходил вслед,Он,2,сон,2,idk,
солдат,[MASK] следил за безопасностью,Он,2,человек,2,idk,
миллиард,ущерб превысил [MASK],.,2,миллиард,2,idk,
человека,полиция поместила [MASK] в камеру,его,2,мужчину,2,idk,
человек,[MASK] нервничал,Я,2,человек,2,idk,
вода,[MASK] стояла высоко,Она,2,[UNK],2,idk,
кандидатуру,депутаты поддержали [MASK] большинством,законопроект,2,законопроект,2,idk,
коррозии,у машины тормоз отказал от [MASK],удара,2,удара,2,idk,
человек,[MASK] ловил рыбу,Я,2,человек,2,idk,
клиентов,правительство увеличит что - то для [MASK],народа,2,поддержки,2,idk,
отвращение,говнюк вызывал [MASK],.,2,жалость,2,idk,
человека,проблема касалась [MASK],.,2,[UNK],2,idk,
москве,в [MASK] была хорошая погода,Москве,2,городе,2,idk,
государство,[MASK] платило человеку деньги за службу,Государство,2,государство,2,idk,
суждение,человек вынес [MASK] о чем - то,решение,2,решение,2,idk,
евро,услуга обошлась пассажиру в [MASK],евро,2,руб,2,idk,
человека,родословная шла от [MASK],.,2,корня,2,idk,
человек,[MASK] убивает фашистов,Путин,2,армия,2,idk,
выход,интуиция подсказала боицу [MASK],.,2,решение,2,idk,
режиссер,[MASK] снимал сцену вечером,Я,2,режиссер,2,idk,
сми,[MASK] ожидали роста,Мы,2,люди,2,idk,
игрушкой,мальчик разговаривал с [MASK],мамой,2,собакой,2,idk,
публикацию,ирак закончил [MASK] за время,войну,2,войну,2,idk,
эксперт,[MASK] охарактеризовал ущерб по критериям,Эксперт,2,эксперт,2,idk,
поверхности,причина лежала на [MASK],поверхности,2,поверхности,2,idk,
нужно,людям [MASK] существование,на,2,нужно,2,idk,
девушке,платье подходило [MASK],.,2,девушке,2,idk,
вовремя,сергеи [MASK] спохватился,не,2,##шник,2,idk,
страна,[MASK] столкнулась с наплывом,Москва,2,страна,2,idk,
мокрым,лицо стало [MASK],?,2,серьезным,2,idk,
клиент,[MASK] брал у компании квитанцию для отчетности,Я,2,сотрудник,2,idk,
мужчину,любовь делала [MASK] сильнее,тебя,2,человека,2,idk,
ученик,[MASK] овладевал знаниями,Я,2,человек,2,idk,
гол,нападающии забил [MASK] в матче,гол,2,гол,2,idk,
состоянии,человек был в [MASK],шоке,2,[UNK],2,idk,
отказе,люди спрашивали представителя об [MASK],этом,2,условиях,2,idk,
калитке,люди пели песню о [MASK],любви,2,[UNK],2,idk,
концерт,группа дала [MASK],.,2,концерт,2,idk,
полке,картины находились на [MASK],виду,2,полке,2,idk,
специалист,[MASK] получил прибор,Я,2,человек,2,idk,
год,рабочии завершил ликвидацию за [MASK],год,2,месяц,2,idk,
президента,деньги поступили от [MASK] на счет,меня,2,человека,2,idk,
действительности,заявление соответствовало [MASK],.,2,действительности,2,idk,
человек,[MASK] сбил боица с ног,Жириновский,2,[UNK],2,idk,
человек,[MASK] болел,Я,2,человек,2,idk,
бабушка,[MASK] пользовалась подарком,Не,2,девушка,2,idk,
человек,[MASK] поехал на работу,И,2,человек,2,idk,
усилению,попытка привела к [MASK],катастрофе,2,результату,2,idk,
иск,участник подал [MASK] в суд,иск,2,иск,2,idk,
уязвимость,ученыи искал [MASK],.,2,причину,2,idk,
кушетку,мужчина лег на [MASK],кровать,2,кровать,2,idk,
[UNK],[MASK] захлопала глазами,Я,2,[UNK],2,same,
шорох,[MASK] заставил человека сделать что - то,Ты,2,страх,2,idk,
улыбкой,девушка кивнула головои с [MASK],.,2,улыбкой,2,idk,
человек,[MASK] заработал деньги,Я,2,человек,2,idk,
способ,ученыи нашел [MASK],.,2,причину,2,idk,
домом,семья владеет [MASK],.,2,[UNK],2,idk,
динозавры,[MASK] вымерли,Не,2,птицы,2,idk,
уровне,рубль находится на [MASK],дне,2,уровне,2,idk,
человек,[MASK] понял что - то из слов,не,2,человек,2,idk,
[UNK],президент назначил [MASK] послом,его,2,[UNK],2,same,
шов,врач наложил [MASK] пострадавшему,повязку,2,швы,2,idk,
делу,россиянин перешел от слов к [MASK],делу,2,делу,2,idk,
поп,[MASK] завозился в сенях,Он,2,человек,2,idk,
[UNK],миллион потребовался на создание [MASK],.,2,[UNK],2,same,
предприятие,[MASK] не было способно увеличить,Оно,2,правительство,2,idk,
[UNK],боль мучила [MASK] из - за нагрузки,только,2,[UNK],2,same,
команда,[MASK] победила,Россия,2,команда,2,idk,
время,[MASK] летело,Не,2,время,2,idk,
дело,полиция завела [MASK] на фаната из - за публикации,дело,2,дело,2,idk,
крылья,у женщины были [MASK],?,2,проблемы,2,idk,
человек,[MASK] дал ручку старику,Зюганов,2,человек,2,idk,
бойца,человек сбил [MASK] с ног,меня,2,[UNK],2,idk,
самолет,[MASK] находится вместе,Все,2,пара,2,idk,
близких,человек позаботился о [MASK],безопасности,2,безопасности,2,idk,
больницу,человек позвонил в [MASK],полицию,2,полицию,2,idk,
ракета,[MASK] вывела корабль в космос,Россия,2,ракета,2,idk,
россиянину,устроиство пригодилось [MASK] для отступления,бы,2,[UNK],2,idk,
школой,вопрос рассматривался [MASK],.,2,правительством,2,idk,
правительство,[MASK] изучало возможность,Оно,2,правительство,2,idk,
прокуратура,[MASK] увидела нарушения,Прокуратура,2,комиссия,2,idk,
деньги,ребята получали [MASK],.,2,знания,2,idk,
письмо,[MASK] не получило внимания,Видео,2,сообщение,2,idk,
вопрос,никто не решил [MASK],.,2,задачу,2,idk,
эксперт,[MASK] построил теорию чего - то,Он,2,ученый,2,idk,
глава,[MASK] заверил хорватию в чем - то,Жириновский,2,[UNK],2,idk,
заказчик,[MASK] осуществил покушение,Он,2,террорист,2,idk,
человек,[MASK] говорил,Он,2,человек,2,idk,
мужчине,болезнь вернулась к [MASK],нам,2,[UNK],2,idk,
компания,[MASK] сообщила данные пользователю,Google,2,компания,2,idk,
все,[MASK] изменилось,Все,2,время,2,idk,
человек,[MASK] обрел счастье,Я,2,человек,2,idk,
внутрь,грузчики попрятались [MASK],.,2,подальше,2,idk,
квартирой,человек владел [MASK],.,2,вещью,2,idk,
высота,[MASK] растет,Население,2,цена,2,idk,
убийцу,суд приговорил [MASK] к году за нападение,мужчину,2,мужчину,2,idk,
цену,продавец снизил [MASK] на продукт,цену,2,цену,2,idk,
человек,[MASK] не ценил любовь,Он,2,человек,2,idk,
чайник,человек включил [MASK],.,2,телевизор,2,idk,
послу,мид выразил протест [MASK] из - за пребывания в связи,КПРФ,2,послу,2,idk,
комиссия,[MASK] одобрила отмену,Госдума,2,палата,2,idk,
спокойно,все было [MASK],.,2,хорошо,2,idk,
силы,человек собрал [MASK],.,2,вещи,2,idk,
тормоз,[MASK] сломался у машины,Мотор,2,двигатель,2,idk,
город,танки наступали на [MASK],Киев,2,город,2,idk,
девушка,[MASK] целовалась с парнем,Я,2,девушка,2,idk,
причинах,егор допытывался у человека о [MASK],.,2,[UNK],2,idk,
гол,[MASK] принес победу петербуржцу,Американец,2,спортсмен,2,idk,
человек,[MASK] оставил старику автограф,Зюганов,2,человек,2,idk,
влияние,фактор оказывал [MASK] на формирование,влияние,2,влияние,2,idk,
жители,правила ограничивают [MASK],.,2,[UNK],2,idk,
идею,кто - то высказал [MASK],?,2,мнение,2,idk,
надпись,человек сделал [MASK] на украшении,акцент,2,[UNK],2,idk,
команды,глаза горели огнем у [MASK],него,2,человека,2,idk,
детей,заболевание встречалось у [MASK],.,2,людей,2,idk,
пострадавшему,власть выделила миллион [MASK] на ремонт,рублей,2,рублей,2,idk,
пострадавшему,медик оказывал помощь [MASK],.,2,пострадавшему,2,idk,
происшествие,суд изучал [MASK],?,2,дело,2,idk,
издание,[MASK] отмечало мощь,Оно,2,население,2,idk,
человек,[MASK] выпил кипяток из чашки,Я,2,человек,2,idk,
людей,смертник взорвал [MASK],себя,2,себя,2,idk,
причина,[MASK] лежала на поверхности,Она,2,причина,2,idk,
после,[MASK] обсуждения случилось приключение,После,2,после,2,idk,
помощи,человек просил путина о [MASK],помощи,2,встрече,2,idk,
[UNK],минфин добавил [MASK] в список,его,2,компанию,2,same,
правительство,[MASK] разрешило компании продажу,Правительство,2,правительство,2,idk,
человек,[MASK] ухаживал за близкими,Он,2,человек,2,idk,
ученого,сомнение возникло у [MASK],меня,2,человека,2,idk,
объекта,человек восхитился размером [MASK],.,2,здания,2,idk,
словах,софия размышляла о [MASK],.,2,[UNK],2,idk,
задачу,человек не решил [MASK],.,2,задачу,2,idk,
пострадавший,[MASK] получил травму,Он,2,человек,2,idk,
эффективность,ученыи продемонстрировал [MASK],.,2,результат,2,idk,
места,машина ехала из [MASK] в город,города,2,[UNK],2,idk,
землю,солнце освещало [MASK],.,2,землю,2,idk,
вариант,правительство рассматривало [MASK],.,2,возможность,2,idk,
впечатление,преподаватель производил [MASK] на студентов,впечатление,2,впечатление,2,idk,
состояние,мужчины оценивал [MASK],.,2,ситуацию,2,idk,
старик,[MASK] отдыхал,Я,2,человек,2,idk,
человеку,[MASK] кто - то угрожал,Ему,2,человеку,2,idk,
самолет,[MASK] упал,Он,2,самолет,2,idk,
[UNK],на [MASK] произошла авария,МКАД,2,дороге,2,same,
рейс,[MASK] вылетел из аэропорта в сингапур,Самолет,2,самолет,2,idk,
академик,[MASK] думал над задачеи,Я,2,человек,2,idk,
[UNK],[MASK] заметил ухо,Я,2,человек,2,same,
бензин,население покупало [MASK],.,2,товары,2,idk,
люди,[MASK] почувствовали удивление человека по его лицу,Мы,2,люди,2,idk,
мужчина,[MASK] отравился,Я,2,человек,2,idk,
суд,[MASK] принял решение,Я,2,суд,2,idk,
правительство,[MASK] реализовало идею,Оно,2,правительство,2,idk,
компания,[MASK] начала работы на шельфе,Россия,2,компания,2,idk,
темнота,наступила [MASK],.,2,тишина,2,idk,
кабеля,замыкание вызвало пожар [MASK],.,2,[UNK],2,idk,
честным,человек был [MASK],.,2,[UNK],2,idk,
человек,[MASK] не делает что - то,Никто,2,человек,2,idk,
жизнь,[MASK] менялась,Не,2,цена,2,idk,
камеры,воздух выходил из [MASK],строя,2,легких,2,idk,
сапер,[MASK] вошел в другую дверь,Он,2,человек,2,idk,
[UNK],животное сидело в [MASK],клетке,2,клетке,2,same,
генерал,[MASK] договорился с таможнеи,Он,2,[UNK],2,idk,
собака,[MASK] испытывала возбуждение,Она,2,девушка,2,idk,
манера,[MASK] соответствовала описанию,Не,2,ситуация,2,idk,
[UNK],шторм достиг [MASK],берега,2,берега,2,same,
парнем,девушка встречалась с [MASK],мужчиной,2,мужчиной,2,idk,
участник,[MASK] выиграл иск,Я,2,истец,2,idk,
площадку,отряд ушел на [MASK],базу,2,разведку,2,idk,
заседания,трансляция велась с [MASK] телеканалом на саите,местным,2,[UNK],2,idk,
человек,[MASK] выпил,Я,2,человек,2,idk,
закрытым,ящик был [MASK],.,2,целым,2,idk,
девушка,[MASK] сидела на кровати,Она,2,женщина,2,idk,
человека,у [MASK] был удар,него,2,человека,2,idk,
супруги,[MASK] развелись,Оба,2,супруги,2,idk,
действие,[MASK] происходило,Все,2,[UNK],2,idk,
человек,[MASK] узнал биографию,Я,2,человек,2,idk,
кошку,кто - то взял [MASK] в приют,его,2,ребенка,2,idk,
лице,волосы лежали у человека на [MASK],голове,2,голове,2,idk,
премию,ученыи с коллегои получил [MASK],?,2,данные,2,idk,
собеседника,софия прервала [MASK],.,2,[UNK],2,idk,
ракета,[MASK] вывела спутник на орбиту,Россия,2,ракета,2,idk,
капитан,[MASK] использовал оружие,Он,2,мужчина,2,idk,
внимание,слушатели обратили [MASK] на важность,внимание,2,внимание,2,idk,
проект,[MASK] перешел в стадию,Процесс,2,процесс,2,idk,
[UNK],власть [MASK] сделала из - за происшествия,это,2,[UNK],2,same,
вещь,люди считали [MASK] бесполезнои,это,2,работу,2,idk,
свет,[MASK] упал на землю,Он,2,самолет,2,idk,
[UNK],лаиф разобрался в [MASK],вопросе,2,вопросе,2,same,
генералу,комар приставал к [MASK],человеку,2,человеку,2,idk,
угроза,[MASK] поступила от метеоролога к сергею,Информация,2,информация,2,idk,
корабль,[MASK] причалил к берегу,Катер,2,корабль,2,idk,
экономика,[MASK] развивалась,И,2,страна,2,idk,
[UNK],[MASK] не знал адреса,Он,2,человек,2,same,
[UNK],министр рассказывал о [MASK],.,2,ситуации,2,same,
снимок,люди увидели [MASK] в интернете,это,2,фото,2,idk,
выражение,[MASK] считалось признаком,Это,2,[UNK],2,idk,
платформа,[MASK] толкала тело,Она,2,[UNK],2,idk,
житель,[MASK] потратил миллион,Он,2,человек,2,idk,
представитель,[MASK] присутствовал на встрече,Путин,2,президент,2,idk,
неисправность,у соседа была [MASK] электропроводки,замена,2,неисправность,2,idk,
объект,противник бомбардировал [MASK],?,2,территорию,2,idk,
совет,вице - премьер возглавил [MASK],ЕР,2,правительство,2,idk,
испытание,[MASK] считалось жестким,Это,2,наказание,2,idk,
человек,[MASK] не назвал имя,Он,2,человек,2,idk,
возможность,компания изучала [MASK],.,2,рынок,2,idk,
компьютер,[MASK] считал количество пятерками,Я,2,человек,2,idk,
[UNK],[MASK] рассказала об инциденте,Полиция,2,полиция,2,same,
концерт,начался [MASK],.,2,дождь,2,idk,
компания,[MASK] финансировала что - то,ЕР,2,компания,2,idk,
компанией,соглашение планировалось [MASK] для строительства,использовать,2,подписать,2,idk,
[UNK],[MASK] вызвал скорую помощь для раненого человека,Мужчина,2,[UNK],2,same,
человек,[MASK] должен иметь количество,Человек,2,человек,2,idk,
девушке,мужчина сделал [MASK] предложение,женщине,2,девушке,2,idk,
альбом,трек вошел в [MASK],топ,2,список,2,idk,
скелет,женщина наткнулась на [MASK],.,2,[UNK],2,idk,
имя,[MASK] сообщалось,Как,2,[UNK],2,idk,
уровень,власть повысила [MASK],.,2,голос,2,idk,
система,[MASK] включилась,Не,2,система,2,idk,
человек,[MASK] извлек рацию из кармана,Он,2,человек,2,idk,
идеи,люди отказались от [MASK],.,2,идеи,2,idk,
окно,мужчина сбежал из суда через [MASK],окно,2,окно,2,idk,
поиск,спасатель продолжал [MASK],.,2,работу,2,idk,
попытку,страна предприняла [MASK],.,2,действия,2,idk,
воск,[MASK] пристал к одежде,Кот,2,[UNK],2,idk,
драконов,мать избегала [MASK],.,2,[UNK],2,idk,
людям,мужчина стрелял по [MASK],прохожим,2,прохожим,2,idk,
кипятком,человек обдал днище [MASK],.,2,водой,2,idk,
полицию,женщина позвонила в [MASK],полицию,2,полицию,2,idk,
[UNK],[MASK] вошел в состав,Он,2,футболист,2,same,
люди,[MASK] видели друг друга,Мы,2,люди,2,idk,
чайник,хозяин вскипятил [MASK],?,2,чайник,2,idk,
американец,[MASK] распорядился богатством,Он,2,человек,2,idk,
супруги,[MASK] расстались,Мы,2,люди,2,idk,
ребенка,льдина уносила [MASK] в море,его,2,человека,2,idk,
лидеру,президент передал поздравления [MASK],.,2,коллеге,2,idk,
журналисты,[MASK] дополняют информацию,Они,2,данные,2,idk,
имя,читатель знал [MASK],.,2,историю,2,idk,
человек,[MASK] изменился,Мир,2,мир,2,idk,
[UNK],ситуация казалась [MASK] безвыходнои,мне,2,человеку,2,same,
[UNK],россия продает газ [MASK],.,2,[UNK],2,same,
[UNK],пост понравился [MASK],.,2,человеку,2,same,
размещения,изменение потребовалось для [MASK],.,2,выполнения,2,idk,
компанию,арест заставил [MASK] принять решение,судью,2,судью,2,idk,
человек,[MASK] заколдовал женщину,Мужчина,2,[UNK],2,idk,
фашистов,человек стрелял снарядами из установки в [MASK],ответ,2,воздух,2,idk,
[UNK],[MASK] звучал,Не,2,голос,2,same,
страной,задача стояла перед [MASK],ним,2,командой,2,idk,
звук,[MASK] разбудил женщину,Он,2,[UNK],2,idk,
водитель,[MASK] умер,Он,2,человек,2,idk,
глаза,[MASK] выражали гнев,Они,2,глаза,2,idk,
луч,[MASK] падал на зеркало,Он,2,свет,2,idk,
нападающий,[MASK] забил два гола,ЦСКА,2,нападающий,2,idk,
переход,[MASK] вызывал рост,Он,2,спрос,2,idk,
порядок,спецслужба охраняла [MASK],?,2,территорию,2,idk,
результат,тест дал [MASK],?,2,результат,2,idk,
клиентам,компания предложила [MASK] контракт,заключить,2,россии,2,idk,
берега,человек наблюдал с [MASK] за сыном,балкона,2,трибуны,2,idk,
[UNK],министерство предложило [MASK] план,антикризисный,2,[UNK],2,same,
подозреваемого,суд арестовал [MASK] по одному делу,еще,2,фигуранта,2,idk,
восторга,военныи взревел от [MASK],возмущения,2,восторга,2,idk,
[UNK],военныи открыл дверь [MASK],.,2,человеку,2,same,
корабль,[MASK] прошел проверку перед отправкои,Он,2,самолет,2,idk,
амплуа,манера подходила для [MASK],.,2,человека,2,idk,
вперед,бабушка прошла [MASK],.,2,обследование,2,idk,
финале,мужчина играет в [MASK],шахматы,2,игру,2,idk,
[UNK],женщина давала жизнь [MASK],.,2,ребенку,2,same,
все,у старика [MASK] было плохо,все,2,[UNK],2,idk,
крупнейшим,пожар стал по числу [MASK],.,2,крупнейшим,2,idk,
крыша,[MASK] обрушилась на площадь из - за пожара,Крыша,2,крыша,2,idk,
наступление,корабль начал [MASK],.,2,снижение,2,idk,
работу,ведомство завершило [MASK],.,2,работу,2,idk,
цены,[MASK] вызвали протесты в стране,Чем,2,действия,2,idk,
голоден,человек был [MASK],.,2,[UNK],2,idk,
[UNK],катя сомневалась в [MASK],этом,2,[UNK],2,same,
руб,авиакомпания получила [MASK] за год,прибыль,2,прибыль,2,idk,
кризиса,[MASK] не было,Денег,2,[UNK],2,idk,
правилам,гражданин следовал [MASK],.,2,правилу,2,idk,
выстрел,[MASK] гремел,Зал,2,гром,2,idk,
отношения,[MASK] испортились из - за конфликта,Отношения,2,отношения,2,idk,
человека,[MASK] ранило,Меня,2,человека,2,idk,
жена,[MASK] стояла,Не,2,машина,2,idk,
[UNK],человек позвонил [MASK],.,2,другу,2,same,
преимуществом,владелец обладал [MASK],.,2,правом,2,idk,
дому,машина подъехала к [MASK],нам,2,дому,2,idk,
товарищ,[MASK] умер,Он,2,человек,2,idk,
хорошая,погода была [MASK],.,2,хорошей,2,idk,
матч,[MASK] шел,Я,2,дождь,2,idk,
видео,[MASK] начиналось с момента,Все,2,знакомство,2,idk,
цена,[MASK] была маленькои,Я,2,боль,2,idk,
поток,[MASK] предотвратил поступок,И,2,человек,2,idk,
погода,в москве была плохая [MASK],.,2,погода,2,idk,
сообщения,человек узнал информацию из [MASK],интернета,2,источника,2,idk,
людей,ввс убивали [MASK] на территории,людей,2,людей,2,idk,
наказание,[MASK] грозило мужчине из - за гибели,Что,2,наказание,2,idk,
звук,[MASK] менялся,Он,2,состав,2,idk,
[UNK],миша с [MASK] в замешательстве переглянулись,девочкой,2,девочкой,2,same,
человек,[MASK] говорил с напряжением,Он,2,человек,2,idk,
головой,муж бил в живот [MASK],.,2,женщину,2,idk,
преступник,[MASK] ограбил прохожего,Мужчина,2,преступник,2,idk,
клиентом,глава извинился перед [MASK] за ошибку,подчиненными,2,[UNK],2,idk,
люди,[MASK] считали машину надежнои,Мы,2,люди,2,idk,
возможность,студент использовал [MASK],.,2,метод,2,idk,
человек,[MASK] нарисовал линию,Художник,2,художник,2,idk,
стороны,деиствие последовало со [MASK],стороны,2,стороны,2,idk,
режиссер,[MASK] снял картину,Он,2,режиссер,2,idk,
врагом,кто - то сражался с [MASK],огнем,2,врагом,2,idk,
угрозе,сенатор узнал об [MASK],этом,2,информации,2,idk,
эксперт,[MASK] подчеркнул концентрацию,Он,2,эксперт,2,idk,
заболеванием,человек страдал [MASK],.,2,заболеванием,2,idk,
сбой,[MASK] случился из - за обновления,Скандал,2,сбой,2,idk,
ракета,[MASK] выключила двигатель,и,2,[UNK],2,idk,
человек,[MASK] не может купить товары в магазине,Никто,2,человек,2,idk,
[UNK],компания просила [MASK] у агентства,помощи,2,комментарий,2,same,
[UNK],полиция нашла [MASK],.,2,преступника,2,same,
назад,археолог отшатнулся от стола [MASK],.,2,ногой,2,idk,
фильм,[MASK] был крутым,Он,2,человек,2,idk,
[UNK],[MASK] зашумело,И,2,море,2,same,
реакция,[MASK] заставила человека сделать что - то,Она,2,любовь,2,idk,
паника,[MASK] охватила макарова,Тоска,2,паника,2,idk,
аварию,водитель попал в [MASK],аварию,2,аварию,2,idk,
холодно,стало [MASK],.,2,тепло,2,idk,
человек,[MASK] засыпал,Я,2,человек,2,idk,
маленьким,пятно было [MASK],.,2,большим,2,idk,
женщина,[MASK] заболела,Я,2,женщина,2,idk,
условие,соглашение содержало [MASK] о поставке оборудования,пункты,2,пункт,2,idk,
задачей,мужчина думал над [MASK],собой,2,проблемой,2,idk,
пиво,алиса выпила все [MASK],.,2,лекарство,2,idk,
женщина,[MASK] давала жизнь растению,Она,2,влага,2,idk,
солдат,[MASK] стрелял во врага,Он,2,человек,2,idk,
систему,люди используют [MASK] для защиты,их,2,систему,2,idk,
двигатель,водитель завел [MASK],.,2,машину,2,idk,
опасным,националист был [MASK],.,2,[UNK],2,idk,
россиянка,[MASK] стала по итогам лучшеи,И,2,команда,2,idk,
люди,[MASK] пострадали,Не,2,люди,2,idk,
оценка,в результате [MASK] изменилась,ситуация,2,ситуация,2,idk,
человек,[MASK] брызгал слюнои,Он,2,человек,2,idk,
магазин,человек пошел в [MASK] за товаром,магазин,2,магазин,2,idk,
народ,[MASK] сделал что - то из - за деиствии власти,Жириновский,2,человек,2,idk,
животное,охотник ранил [MASK],.,2,животное,2,idk,
покушение,полиция арестовала мужчину за [MASK] на убииство,нападение,2,покушение,2,idk,
человек,[MASK] разделся,Я,2,человек,2,idk,
чудо,[MASK] подарило людям надежду,Правительство,2,правительство,2,idk,
крыло,посетители пришли в [MASK],восторг,2,зал,2,idk,
экзамен,валя пришла на [MASK],помощь,2,помощь,2,idk,
компания,[MASK] вложила деньги в продукт,Компания,2,компания,2,idk,
бутылку,кто - то создавал [MASK],?,2,[UNK],2,idk,
операцию,врач провел [MASK] женщине,операцию,2,операцию,2,idk,
одежду,человек снял [MASK] с вешалки,шляпу,2,пальто,2,idk,
человеку,[MASK] пришла в голову мысль,Мне,2,человеку,2,idk,
метра,высота была меньше [MASK],.,2,метра,2,idk,
источнике,пресс - служба сообщила об [MASK] журналистам со ссылкои,этом,2,инциденте,2,idk,
курс,[MASK] составлял рубль,Курс,2,курс,2,idk,
человек,[MASK] испытывал чувство,Я,2,человек,2,idk,
удовольствием,человек слушал музыку с [MASK],удовольствием,2,удовольствием,2,idk,
родителям,девушка объявила о желании [MASK],.,2,[UNK],2,idk,
подрядчик,у правды был [MASK],?,2,шанс,2,idk,
гражданину,мужчина нанес ранение [MASK],.,2,человеку,2,idk,
женщины,[MASK] попадали в историю,Они,2,люди,2,idk,
операторы,[MASK] не видели лодку на радаре,Мы,2,люди,2,idk,
голосе,напряжение чувствовалось в [MASK],воздухе,2,воздухе,2,idk,
случай,[MASK] принес компании прибыль,Он,2,запуск,2,idk,
супруг,[MASK] изменил партнеру,Я,2,человек,2,idk,
[UNK],[MASK] упали на пол,Они,2,капли,2,same,
суд,[MASK] разрешил прокурору перенос,Суд,2,суд,2,idk,
вариантом,кто - то соглашался с [MASK],.,2,предложением,2,idk,
компания,[MASK] не обжаловала вердикт,Прокуратура,2,сторона,2,idk,
ребята,[MASK] подбежали к двери,Они,2,люди,2,idk,
дверь,солдат вошел в другую [MASK],.,2,дверь,2,idk,
улыбке,рожа расплылась в [MASK],улыбке,2,улыбке,2,idk,
задачей,командир справился с [MASK],задачей,2,задачей,2,idk,
человек,[MASK] одобряет писателя,Автор,2,человек,2,idk,
обсуждения,владимир планировал встречу для [MASK],Путина,2,лидера,2,idk,
продление,парламентарии выступил за [MASK],.,2,отмену,2,idk,
[UNK],[MASK] оскорбил человека,Жириновский,2,[UNK],2,same,
фильм,режиссер снял [MASK],.,2,фильм,2,idk,
существование,[MASK] было правильным,Это,2,решение,2,idk,
ключом,человек открыл [MASK] дверь,входную,2,[UNK],2,idk,
[UNK],пожар случился у соседа из - за [MASK],газа,2,[UNK],2,same,
цены,[MASK] превысила уровень,Вода,2,цена,2,idk,
ученый,[MASK] с коллегои написал статью,Вместе,2,ученый,2,idk,
сыну,кто - то оставил все наследство [MASK],.,2,человеку,2,idk,
врач,[MASK] наложил шов пострадавшему,Врач,2,врач,2,idk,
указ,президент выпустил [MASK],.,2,указ,2,idk,
вопрос,участник отвечал организатору на [MASK],вопросы,2,вопросы,2,idk,
список,издание составило [MASK],.,2,рейтинг,2,idk,
вода,[MASK] выливалась из котелка на пол,Вода,2,вода,2,idk,
зуб,[MASK] был заметным,Он,2,рост,2,idk,
очевидца,спасатели сняли [MASK] с аттракциона из - за аварии,людей,2,человека,2,idk,
голосе,близость угадывалась в [MASK],деталях,2,голосе,2,idk,
россия,[MASK] рассталась с кем - то,Она,2,девушка,2,idk,
человек,[MASK] уходил из жизни,Он,2,человек,2,idk,
преступник,[MASK] находился в квартире,Он,2,мужчина,2,idk,
деталь,человек заменил [MASK] в устроистве,его,2,[UNK],2,idk,
женщина,[MASK] перевела взгляд на собеседника,Она,2,девушка,2,idk,
государство,[MASK] защищало ребенка от гомосексуализма,Государство,2,государство,2,idk,
перехвата,истребитель поднимался с авиабазы в воздух для [MASK],дозаправки,2,перехвата,2,idk,
тексте,вывод содержался в [MASK],.,2,документе,2,idk,
[UNK],[MASK] писал о ситуации,Я,2,[UNK],2,same,
человек,[MASK] протестовал против реформы,Народ,2,[UNK],2,idk,
врагов,человек прятался от [MASK],полиции,2,[UNK],2,idk,
единицы,погрешность была хуже [MASK] для выборки,допустимой,2,единицы,2,idk,
слезы,[MASK] полились из глаз ручьем,Слезы,2,слезы,2,idk,
человек,[MASK] голодал,Не,2,человек,2,idk,
дальше,анна пошла [MASK],.,2,вперед,2,idk,
перерыва,пара занималась сексом без [MASK],свидетелей,2,перерыва,2,idk,
словам,люди следуют [MASK],.,2,правилу,2,idk,
[UNK],компания построила [MASK],.,2,завод,2,same,
люди,[MASK] не слышат голоса в эфире,Они,2,люди,2,idk,
человек,[MASK] приходил из газеты на тренировку без денег с намерением,.,2,человек,2,idk,
человек,[MASK] ушиб ногу,Он,2,человек,2,idk,
суд,[MASK] вынес постановление за отказ,Суд,2,суд,2,idk,
человек,[MASK] использовал своиства воды для чего - то,Он,2,человек,2,idk,
война,[MASK] для сапера кончилась победои,Война,2,война,2,idk,
мужчина,[MASK] договорился о встрече с фирмои,Жириновский,2,человек,2,idk,
пассажир,[MASK] прилетел в грозныи,Он,2,самолет,2,idk,
новости,автомобилист не ожидал [MASK],.,2,столкновения,2,idk,
суд,сторона просила [MASK] сделать что - то,его,2,россию,2,idk,
руб,цена поднималась на [MASK],нефть,2,доллар,2,idk,
[UNK],тренер руководит [MASK],.,2,командой,2,same,
нападающий,[MASK] забил гол в матче,Роналду,2,нападающий,2,idk,
животное,[MASK] прилагало усилия,Государство,2,правительство,2,idk,
выход,крыса искала [MASK],.,2,выход,2,idk,
[UNK],[MASK] отравил человека,Жириновский,2,[UNK],2,same,
лидеру,бог помог [MASK] в жизни,ему,2,человеку,2,idk,
авиабазу,боевик обстреливал [MASK],?,2,территорию,2,idk,
психолога,жена представляла [MASK] монстром,его,2,мужа,2,idk,
человек,[MASK] пошел на свидание,Я,2,человек,2,idk,
зеркало,луч падал на [MASK],землю,2,землю,2,idk,
стрельба,[MASK] велась из гостиницы по прохожим очередью,Стрельба,2,стрельба,2,idk,
человеку,[MASK] никто не сказал о соревновании,Мне,2,[UNK],2,idk,
боль,у пациента появилась [MASK],.,2,сыпь,2,idk,
здоровой,кожа стала [MASK],.,2,гладкой,2,idk,
воровстве,люди узнали о [MASK] мальчика,смерти,2,болезни,2,idk,
тысячи,[MASK] столкнулись с проблемами,Мы,2,люди,2,idk,
разрешение,самолет получил [MASK],.,2,повреждения,2,idk,
читатели,[MASK] увидели гифку,Все,2,люди,2,idk,
человек,[MASK] высунул голову из - за куста,Жириновский,2,человек,2,idk,
высоты,мужчина упал с [MASK] на рельсы,высоты,2,высоты,2,idk,
усилием,дед доставал с [MASK] репку из земли,трудом,2,земли,2,idk,
отношение,[MASK] поменялось,Все,2,отношение,2,idk,
карман,рука скользнула в [MASK],кадр,2,карман,2,idk,
тюрьме,вор сидит в [MASK],тюрьме,2,тюрьме,2,idk,
вперед,беглец побрел [MASK],.,2,вперед,2,idk,
остаток,[MASK] не уменьшился,Объем,2,объем,2,idk,
человек,[MASK] уснул,И,2,человек,2,idk,
дырка,в банке образовалась [MASK],.,2,дыра,2,idk,
супругов,у [MASK] не было сына,него,2,женщины,2,idk,
батальон,[MASK] находится на высоте,Он,2,самолет,2,idk,
душа,[MASK] была против чего - то,Я,2,[UNK],2,idk,
человек,[MASK] устал,Я,2,человек,2,idk,
команда,[MASK] появилась на полуострове,Она,2,армия,2,idk,
партнеру,супруг изменил [MASK],.,2,жене,2,idk,
президент,[MASK] принял отставку,Путин,2,президент,2,idk,
проблемами,тысячи столкнулись с [MASK],проблемами,2,проблемой,2,idk,
[UNK],цель отличалась от других приоритетов своеи [MASK],.,2,сложностью,2,same,
ученый,[MASK] исследовал образец,Я,2,ученый,2,idk,
подготовкой,сборная занималась [MASK],.,2,подготовкой,2,idk,
[UNK],женщина сказала [MASK] ярославу,спасибо,2,[UNK],2,same,
автомобиль,[MASK] сбил женщину,Он,2,водитель,2,idk,
переносе,прокурор заявил суду ходатаиство о [MASK],преступлении,2,преступлении,2,idk,
плохо,человеку было [MASK],.,2,плохо,2,idk,
лидер,[MASK] не может выезжать без согласия,Никто,2,человек,2,idk,
[UNK],даша общалась с [MASK],Жириновским,2,человеком,2,same,
нравом,полина отличалась от большинства [MASK],.,2,[UNK],2,idk,
заседании,вопрос поднимался на [MASK],совещании,2,заседании,2,idk,
[UNK],судно не делало [MASK],.,2,[UNK],2,same,
артиллерия,[MASK] открыла огонь,Полиция,2,артиллерия,2,idk,
документ,[MASK] ничего не представлял,Никто,2,человек,2,idk,
образом,ситуация отличалась существенным [MASK],.,2,фактором,2,idk,
страстью,человек что - то делал со [MASK],мной,2,[UNK],2,idk,
спортсмена,[MASK] наградили,Его,2,сборную,2,idk,
размер,человек увидел [MASK] объекта,два,2,часть,2,idk,
человек,[MASK] обладал возможностью сделать что - то,Он,2,человек,2,idk,
школьник,[MASK] изучал школьные предметы,Я,2,человек,2,idk,
друг,[MASK] испугался,Я,2,человек,2,idk,
история,[MASK] закончилась,Игра,2,история,2,idk,
атом,[MASK] был единым,Он,2,мир,2,idk,
автомобиль,механик починил [MASK],.,2,[UNK],2,idk,
президент,[MASK] выступил автором,Автор,2,[UNK],2,idk,
тело,полицеискии передал [MASK] на экспертизу,его,2,оружие,2,idk,
отчаяние,[MASK] охватило человека,Горе,2,волнение,2,idk,
решение,судья огласила [MASK],.,2,приговор,2,idk,
день,лидер отмечал [MASK],.,2,рост,2,idk,
человек,[MASK] работал для урегулирования,Он,2,человек,2,idk,
правительство,[MASK] потратило миллион на рекламу,Метро,2,правительство,2,idk,
мужчина,[MASK] вернул телефон ребенку,Отец,2,мужчина,2,idk,
приемлемым,вариант казался гоше [MASK],.,2,приемлемым,2,idk,
лидера,парламент проголосовал за [MASK],.,2,законопроект,2,idk,
мужем,вероника познакомилась с [MASK] в англии,русскими,2,человеком,2,idk,
волос,[MASK] лежал на полу,Он,2,труп,2,idk,
огонь,[MASK] продолжил разгораться,Конфликт,2,пожар,2,idk,
[UNK],[MASK] предстоял матч,Сегодня,2,командам,2,same,
месте,площадка располагалась на этом [MASK],месте,2,месте,2,idk,
торговли,компания попала в список из - за [MASK],санкций,2,санкций,2,idk,
проблемы,прибор стал решением [MASK],.,2,проблемы,2,idk,
человек,[MASK] отреагировал возмущением на высказывание,Жириновский,2,[UNK],2,idk,
способом,мошенники обманывали людеи таким [MASK],образом,2,способом,2,idk,
очередь,[MASK] дошла до человека,Очередь,2,очередь,2,idk,
работу,человек начал [MASK],.,2,[UNK],2,idk,
человека,[MASK] ранили в живот,Его,2,человека,2,idk,
реакция,[MASK] удивила человека,Я,2,ситуация,2,idk,
суд,[MASK] оставил решение в силе,Суд,2,суд,2,idk,
должности,господин работает на [MASK],дядю,2,[UNK],2,idk,
номере,полицеискии находился в [MASK],Москве,2,здании,2,idk,
самолет,[MASK] приземлился раньше,Самолет,2,самолет,2,idk,
человек,[MASK] поправился,Я,2,человек,2,idk,
никто,[MASK] ничего не знает о человеке,Никто,2,никто,2,idk,
крах,[MASK] ждал экономику,Я,2,рост,2,idk,
[UNK],[MASK] плюнул на пол,Он,2,человек,2,same,
улице,человек гулял по [MASK],парку,2,улице,2,idk,
эксперт,[MASK] отмечал концентрацию,Он,2,человек,2,idk,
компания,[MASK] выбрала путь,Она,2,страна,2,idk,
созданием,группа работала над [MASK] с командои,проектом,2,проектом,2,idk,
сборная,[MASK] выиграла игру,Она,2,сборная,2,idk,
преступника,полиция не нашла [MASK],.,2,преступника,2,idk,
чувства,причина вызывала у человека [MASK],.,2,удивление,2,idk,
девушке,зрение вернулось к [MASK],вам,2,человеку,2,idk,
вопрос,[MASK] волновал читателя,Он,2,вопрос,2,idk,
человек,[MASK] взлетел вверх,Рубль,2,самолет,2,idk,
ребенку,родитель отдал квартиру [MASK],.,2,ребенку,2,idk,
продажи,компании осуществляют [MASK],.,2,поставки,2,idk,
глупым,народ был [MASK],.,2,счастлив,2,idk,
[UNK],[MASK] привлек новых клиентов,Банк,2,банк,2,same,
чудо,[MASK] происходило с больным,Что,2,[UNK],2,idk,
человек,[MASK] прекратил еду,Я,2,человек,2,idk,
осужденного,у [MASK] имелась вероятность чего - то,меня,2,человека,2,idk,
[UNK],почта передавала приказ от властеи в [MASK],полицию,2,[UNK],2,same,
[UNK],правительство внесло законопроект в госдуму с [MASK],КПРФ,2,поддержкой,2,same,
шепотом,человек говорил с президентом о чем - то [MASK],?,2,шепотом,2,idk,
оппозиция,[MASK] противостояла власти,Оппозиция,2,оппозиция,2,idk,
компания,[MASK] подала иск в суд,Компания,2,компания,2,idk,
коллекцией,люди восхищались [MASK],.,2,красотой,2,idk,
авиакомпания,[MASK] летала из москвы в шереметьево по маршруту транзитом,я,2,делегация,2,idk,
позиции,переговоры провалились из - за [MASK],Украины,2,санкций,2,idk,
текст,человек произносит [MASK],.,2,слова,2,idk,
эксперт,[MASK] объяснял желание ростом,Он,2,человек,2,idk,
летом,весна сменилась [MASK],.,2,осенью,2,idk,
система,[MASK] рассчитывала массу,Она,2,система,2,idk,